US ETF/美國基金,,,,,"需要更多產品請聯繫客服或官網查詢
客服：https://t.me/iticksupport
官網：https://itick.org"
"交易時間：
1. 盤中交易時段
夏令時（3月-11月）（UTC+8時區）：每週一至週五 21:30～4:00
冬令時（11月-隔年3月）（UTC+8時區）：每週一至週五 22:30～5:00
2.盤前交易時段
夏令時（3月-11月）（UTC+8時區）：每週一至週五 16:00-21:30
冬令時（11月-隔年3月）（UTC+8時區）：每週一至週五 17:00-22:30
3.盤後交易時段
夏令時（3月-11月）（UTC+8時區）：每週一至週五 4:00-8:00
冬令時（11月-隔年3月）（UTC+8時區）：每週一至週五 5:00-9:00",,,,,
symbol,description,type,region,exchange,
VOO,Vanguard S&P 500 ETF,fund,us,AMEX,
IVV,iShares Core S&P 500 ETF,fund,us,AMEX,
SPY,SPDR S&P 500 ETF Trust,fund,us,AMEX,
VTI,Vanguard Total Stock Market ETF,fund,us,AMEX,
QQQ,Invesco QQQ Trust Series I,fund,us,NASDAQ,
VUG,Vanguard Growth ETF,fund,us,AMEX,
VEA,Vanguard FTSE Developed Markets ETF,fund,us,AMEX,
IEFA,iShares Core MSCI EAFE ETF,fund,us,CBOE,
VTV,Vanguard Value ETF,fund,us,AMEX,
BND,Vanguard Total Bond Market ETF,fund,us,NASDAQ,
GLD,SPDR Gold Shares,fund,us,AMEX,
AGG,iShares Core U.S. Aggregate Bond ETF,fund,us,AMEX,
IWF,iShares Russell 1000 Growth ETF,fund,us,AMEX,
IEMG,iShares Core MSCI Emerging Markets ETF,fund,us,AMEX,
VXUS,Vanguard Total International Stock ETF,fund,us,NASDAQ,
VGT,Vanguard Information Technology ETF,fund,us,AMEX,
VWO,Vanguard FTSE Emerging Markets ETF,fund,us,AMEX,
VIG,Vanguard Dividend Appreciation ETF,fund,us,AMEX,
IJH,iShares Core S&P Mid-Cap ETF,fund,us,AMEX,
SPYM,State Street SPDR Portfolio S&P 500 ETF,fund,us,AMEX,
XLK,Technology Select Sector SPDR Fund,fund,us,AMEX,
VO,Vanguard Mid-Cap ETF,fund,us,AMEX,
IJR,iShares Core S&P Small Cap ETF,fund,us,AMEX,
ITOT,iShares Core S&P Total U.S. Stock Market ETF,fund,us,AMEX,
BNDX,Vanguard Total International Bond ETF,fund,us,NASDAQ,
RSP,Invesco S&P 500 Equal Weight ETF,fund,us,AMEX,
SCHD,Schwab US Dividend Equity ETF,fund,us,AMEX,
IBIT,iShares Bitcoin Trust ETF,fund,us,NASDAQ,
QQQM,Invesco NASDAQ 100 ETF,fund,us,NASDAQ,
EFA,iShares MSCI EAFE ETF,fund,us,AMEX,
VYM,Vanguard High Dividend Yield Index ETF,fund,us,AMEX,
VB,Vanguard Small-Cap ETF,fund,us,AMEX,
IWD,iShares Russell 1000 Value ETF,fund,us,AMEX,
IWM,iShares Russell 2000 ETF,fund,us,AMEX,
IAU,iShares Gold Trust,fund,us,AMEX,
SGOV,iShares 0-3 Month Treasury Bond ETF,fund,us,AMEX,
IVW,iShares S&P 500 Growth ETF,fund,us,AMEX,
SCHX,Schwab U.S. Large-Cap ETF,fund,us,AMEX,
VCIT,Vanguard Intermediate-Term Corporate Bond ETF,fund,us,NASDAQ,
VT,Vanguard Total World Stock ETF,fund,us,AMEX,
SCHF,Schwab International Equity ETF,fund,us,AMEX,
XLF,Financial Select Sector SPDR Fund,fund,us,AMEX,
VEU,Vanguard FTSE All-World ex-US Index Fund,fund,us,AMEX,
SCHG,Schwab U.S. Large-Cap Growth ETF,fund,us,AMEX,
QUAL,iShares MSCI USA Quality Factor ETF,fund,us,CBOE,
TLT,iShares 20+ Year Treasury Bond ETF,fund,us,NASDAQ,
IXUS,iShares Core MSCI Total International Stock ETF,fund,us,NASDAQ,
VNGDF,Vanguard S&P 500 UCITS ETF,fund,us,OTC,
IVE,iShares S&P 500 Value ETF,fund,us,AMEX,
VV,Vanguard Large-Cap ETF,fund,us,AMEX,
IEF,iShares 7-10 Year Treasury Bond ETF,fund,us,NASDAQ,
IWB,iShares Russell 1000 ETF,fund,us,AMEX,
BIL,State Street SPDR Bloomberg 1-3 Month T-Bill ETF,fund,us,AMEX,
IWR,iShares Russell Midcap ETF,fund,us,AMEX,
SPYG,State Street SPDR Portfolio S&P 500 Growth ETF,fund,us,AMEX,
MUB,iShares National Muni Bond ETF,fund,us,AMEX,
VTEB,Vanguard Tax-Exempt Bond ETF,fund,us,AMEX,
BSV,Vanguard Short-Term Bond ETF,fund,us,AMEX,
VCSH,Vanguard Short-Term Corporate Bond ETF,fund,us,NASDAQ,
JEPI,JPMorgan Equity Premium Income ETF,fund,us,AMEX,
DIA,SPDR Dow Jones Industrial Average ETF Trust,fund,us,AMEX,
MBB,iShares MBS ETF,fund,us,NASDAQ,
XLV,Health Care Select Sector SPDR Fund,fund,us,AMEX,
DFAC,Dimensional U.S. Core Equity 2 ETF,fund,us,AMEX,
SCHB,Schwab U.S. Broad Market ETF,fund,us,AMEX,
VGIT,Vanguard Intermediate-Term Treasury ETF,fund,us,NASDAQ,
JPST,JPMorgan Ultra-Short Income ETF,fund,us,AMEX,
DGRO,iShares Core Dividend Growth ETF,fund,us,AMEX,
VONG,Vanguard Russell 1000 Growth ETF,fund,us,NASDAQ,
SMH,VanEck Semiconductor ETF,fund,us,NASDAQ,
IUSB,iShares Core Total USD Bond Market ETF,fund,us,NASDAQ,
GOVT,iShares U.S. Treasury Bond ETF,fund,us,CBOE,
VNQ,Vanguard Real Estate ETF,fund,us,AMEX,
LQD,iShares iBoxx $ Investment Grade Corporate Bond ETF,fund,us,AMEX,
SPDW,SPDR Portfolio Developed World ex-US ETF,fund,us,AMEX,
MGK,Vanguard Mega Cap Growth ETF,fund,us,AMEX,
JEPQ,JPMorgan NASDAQ Equity Premium Income ETF,fund,us,NASDAQ,
VBR,Vanguard Small Cap Value ETF,fund,us,AMEX,
SPYV,State Street SPDR Portfolio S&P 500 Value ETF,fund,us,AMEX,
DYNF,iShares U.S. Equity Factor Rotation Active ETF,fund,us,AMEX,
VGFPF,Vanguard S&P 500 UCITS ETF,fund,us,OTC,
OEF,iShares S&P 100 ETF,fund,us,AMEX,
VGK,Vanguard FTSE Europe ETF,fund,us,AMEX,
BIV,Vanguard Intermediate-Term Bond ETF,fund,us,AMEX,
XLE,Energy Select Sector SPDR Fund,fund,us,AMEX,
TQQQ,ProShares UltraPro QQQ,fund,us,NASDAQ,
EFV,iShares MSCI EAFE Value ETF,fund,us,CBOE,
USHY,iShares Broad USD High Yield Corporate Bond ETF,fund,us,CBOE,
VGSH,Vanguard Short-Term Treasury ETF,fund,us,NASDAQ,
JAAA,Janus Henderson AAA CLO ETF,fund,us,AMEX,
SLV,iShares Silver Trust,fund,us,AMEX,
XLC,Communication Services Select Sector SPDR Fund,fund,us,AMEX,
IUSG,iShares Core S&P U.S. Growth ETF,fund,us,NASDAQ,
CGDV,Capital Group Dividend Value ETF,fund,us,AMEX,
SHY,iShares 1-3 Year Treasury Bond ETF,fund,us,NASDAQ,
VXF,Vanguard Extended Market ETF,fund,us,AMEX,
XLI,Industrial Select Sector SPDR Fund,fund,us,AMEX,
GLDM,SPDR Gold Minishares Trust of beneficial interest,fund,us,AMEX,
ACWI,iShares MSCI ACWI ETF,fund,us,NASDAQ,
IUSV,iShares Core S&P US Value ETF,fund,us,NASDAQ,
FBND,Fidelity Total Bond ETF,fund,us,AMEX,
IDEV,iShares Core MSCI International Developed Markets ETF,fund,us,AMEX,
USMV,iShares MSCI USA Min Vol Factor ETF,fund,us,CBOE,
IGSB,iShares 1-5 Year Investment Grade Corporate Bond ETF,fund,us,NASDAQ,
MDY,SPDR S&P Midcap 400 ETF Trust,fund,us,AMEX,
XLU,Utilities Select Sector SPDR Fund,fund,us,AMEX,
XLY,Consumer Discretionary Select Sector SPDR Fund,fund,us,AMEX,
GDX,VanEck Gold Miners ETF,fund,us,AMEX,
SHV,iShares Short Treasury Bond ETF,fund,us,NASDAQ,
ISVAF,iShares NASDAQ 100 UCITS ETF USD,fund,us,OTC,
FNDX,Schwab Fundamental U.S. Large Company ETF,fund,us,AMEX,
VOOG,Vanguard S&P 500 Growth ETF,fund,us,AMEX,
EEM,iShares MSCI Emerging Markets ETF,fund,us,AMEX,
DVY,iShares Select Dividend ETF,fund,us,NASDAQ,
IYW,iShares U.S. Technology ETF,fund,us,AMEX,
SDY,State Street SPDR S&P Dividend ETF,fund,us,AMEX,
MTUM,iShares MSCI USA Momentum Factor ETF,fund,us,CBOE,
VBK,Vanguard Small-Cap Growth ETF,fund,us,AMEX,
IWP,iShares Russell Mid-Cap Growth ETF,fund,us,AMEX,
VOE,Vanguard Mid-Cap Value ETF,fund,us,AMEX,
FNDF,Schwab Fundamental International Equity ETF,fund,us,AMEX,
AVUV,Avantis U.S. Small Cap Value ETF,fund,us,AMEX,
SCHA,Schwab U.S. Small-Cap ETF,fund,us,AMEX,
IEI,iShares 3-7 Year Treasury Bond ETF,fund,us,NASDAQ,
HYG,iShares iBoxx $ High Yield Corporate Bond ETF,fund,us,AMEX,
COWZ,Pacer US Cash Cows 100 ETF,fund,us,CBOE,
IWV,iShares Russell 3000 ETF,fund,us,AMEX,
RDVY,First Trust Rising Dividend Achievers ETF,fund,us,NASDAQ,
CGGR,Capital Group Growth ETF,fund,us,AMEX,
DFUS,Dimensional U.S. Equity Market ETF,fund,us,AMEX,
FBTC,Fidelity Wise Origin Bitcoin Fund,fund,us,CBOE,
VOT,Vanguard Mid-Cap Growth ETF,fund,us,AMEX,
VHT,Vanguard Health Care ETF,fund,us,AMEX,
VTIP,Vanguard Short-Term Inflation-Protected Securities ETF,fund,us,NASDAQ,
IGIB,iShares 5-10 Year Investment Grade Corporate Bond ETF,fund,us,NASDAQ,
USFR,WisdomTree Floating Rate Treasury Fund,fund,us,AMEX,
IWY,iShares Russell Top 200 Growth ETF,fund,us,AMEX,
FTEC,Fidelity MSCI Information Technology Index ETF,fund,us,AMEX,
DGRW,WisdomTree US Quality Dividend Growth Fund,fund,us,NASDAQ,
USIG,iShares Broad USD Investment Grade Corporate Bond ETF,fund,us,NASDAQ,
SOXX,iShares Semiconductor ETF,fund,us,NASDAQ,
EMB,iShares JP Morgan USD Emerging Markets Bond ETF,fund,us,NASDAQ,
SPEM,SPDR Portfolio Emerging Markets ETF,fund,us,AMEX,
EWJ,iShares MSCI Japan ETF,fund,us,AMEX,
XLP,Consumer Staples Select Sector SPDR Fund,fund,us,AMEX,
SCHP,Schwab US TIPS ETF,fund,us,AMEX,
AVEM,Avantis Emerging Markets Equity ETF,fund,us,AMEX,
ESGU,iShares ESG Aware MSCI USA ETF,fund,us,NASDAQ,
MINT,PIMCO Enhanced Short Maturity Active Exchange-Traded Fund,fund,us,AMEX,
SPHQ,Invesco S&P 500 Quality ETF,fund,us,AMEX,
TIP,iShares TIPS Bond ETF,fund,us,AMEX,
GBTC,Grayscale Bitcoin Trust ETF,fund,us,AMEX,
VMBS,Vanguard Mortgage-Backed Securities ETF,fund,us,NASDAQ,
DFIV,Dimensional International Value ETF,fund,us,AMEX,
BINC,iShares Flexible Income Active ETF,fund,us,AMEX,
GSLC,TR Activebeta US Large Cap Equity ETF,fund,us,AMEX,
BBJP,JPMorgan BetaBuilders Japan ETF,fund,us,CBOE,
PFF,iShares Preferred & Income Securities ETF,fund,us,NASDAQ,
SPMD,State Street SPDR Portfolio S&P 400 Mid Cap ETF,fund,us,AMEX,
AVDV,Avantis International Small Cap Value ETF,fund,us,AMEX,
VONV,Vanguard Russell 1000 Value ETF,fund,us,NASDAQ,
SCHV,Schwab U.S. Large-Cap Value ETF,fund,us,AMEX,
IWS,iShares Russell Mid-Cap Value ETF,fund,us,AMEX,
VYMI,Vanguard International High Dividend Yield ETF,fund,us,NASDAQ,
PULS,PGIM Ultra Short Bond ETF,fund,us,AMEX,
EMXC,iShares MSCI Emerging Markets ex China ETF,fund,us,NASDAQ,
STIP,iShares 0-5 Year TIPS Bond ETF,fund,us,AMEX,
IQLT,iShares MSCI Intl Quality Factor ETF,fund,us,AMEX,
VTWO,Vanguard Russell 2000 ETF,fund,us,NASDAQ,
TLH,iShares 10-20 Year Treasury Bond ETF,fund,us,AMEX,
VFH,Vanguard Financials ETF,fund,us,AMEX,
SPMO,Invesco S&P 500 Momentum ETF,fund,us,AMEX,
MOAT,VanEck Morningstar Wide Moat ETF,fund,us,CBOE,
IWO,iShares Russell 2000 Growth ETF,fund,us,AMEX,
DFUV,Dimensional US Marketwide Value ETF,fund,us,AMEX,
SPSM,State Street SPDR Portfolio S&P 600 Small Cap ETF,fund,us,AMEX,
SCHR,Schwab Intermediate-Term US Treasury ETF,fund,us,AMEX,
DFAI,Dimensional International Core Equity Market ETF,fund,us,AMEX,
SCZ,iShares MSCI EAFE Small-Cap ETF,fund,us,NASDAQ,
SCHO,Schwab Short-Term US Treasury ETF,fund,us,AMEX,
ITA,iShares U.S. Aerospace & Defense ETF,fund,us,CBOE,
HDV,iShares Core High Dividend ETF,fund,us,AMEX,
SCHM,Schwab U.S. Mid-Cap ETF,fund,us,AMEX,
SCHE,Schwab Emerging Markets Equity ETF,fund,us,AMEX,
SPTM,State Street SPDR Portfolio S&P 1500 Composite Stock Market ETF,fund,us,AMEX,
ESGV,Vanguard ESG U.S. Stock ETF,fund,us,CBOE,
XLG,Invesco S&P 500 Top 50 ETF,fund,us,AMEX,
SPTL,State Street SPDR Portfolio Long Term Treasury ETF,fund,us,AMEX,
DFAS,Dimensional U.S. Small Cap ETF,fund,us,AMEX,
DFAT,Dimensional U.S. Targeted Value ETF,fund,us,AMEX,
NOBL,ProShares S&P 500 Dividend Aristocrats ETF,fund,us,CBOE,
DFIC,Dimensional International Core Equity 2 ETF,fund,us,CBOE,
IAGG,iShares Core International Aggregate Bond ETF,fund,us,CBOE,
IWN,iShares Russell 2000 Value ETF,fund,us,AMEX,
SPIB,State Street SPDR Portfolio Intermediate Term Corporate Bond ETF,fund,us,AMEX,
CIBR,First Trust NASDAQ Cybersecurity ETF,fund,us,NASDAQ,
AMLP,Alerian MLP ETF,fund,us,AMEX,
AVDE,Avantis International Equity ETF,fund,us,AMEX,
SOXL,Direxion Daily Semiconductor Bull 3x Shares,fund,us,AMEX,
ETHA,iShares Ethereum Trust ETF,fund,us,NASDAQ,
MGV,Vanguard Mega Cap Value ETF,fund,us,AMEX,
ESGD,iShares ESG Aware MSCI EAFE ETF,fund,us,NASDAQ,
VGLT,Vanguard Long-Term Treasury ETF,fund,us,NASDAQ,
SUB,iShares Short-Term National Muni Bond ETF,fund,us,AMEX,
SPHY,State Street SPDR Portfolio High Yield Bond ETF,fund,us,AMEX,
DUHP,Dimensional US High Profitability ETF,fund,us,AMEX,
AVUS,Avantis U.S. Equity ETF,fund,us,AMEX,
DFAU,Dimensional US Core Equity Market ETF,fund,us,AMEX,
AKRE,Akre Focus ETF,fund,us,AMEX,
INDA,iShares MSCI India ETF,fund,us,CBOE,
SPTI,State Street SPDR Portfolio Intermediate Term Treasury ETF,fund,us,AMEX,
SCHI,Schwab 5-10 Year Corporate Bond ETF,fund,us,AMEX,
QLD,ProShares Ultra QQQ,fund,us,AMEX,
DFAX,Dimensional World ex U.S. Core Equity 2 ETF,fund,us,AMEX,
PYLD,PIMCO Multisector Bond Active Exchange-Traded Fund,fund,us,AMEX,
PBUS,Invesco MSCI USA ETF,fund,us,CBOE,
SCHZ,Schwab US Aggregate Bond ETF,fund,us,AMEX,
PAVE,Global X U.S. Infrastructure Development ETF,fund,us,CBOE,
VSS,Vanguard FTSE All-World ex-US Small-Cap ETF,fund,us,AMEX,
SPAB,State Street SPDR Portfolio Aggregate Bond ETF,fund,us,AMEX,
JIRE,JPMorgan International Research Enhanced Equity ETF,fund,us,AMEX,
EFG,iShares MSCI EAFE Growth ETF,fund,us,CBOE,
BOXX,Alpha Architect 1-3 Month Box ETF,fund,us,CBOE,
FLOT,iShares Floating Rate Bond ETF,fund,us,CBOE,
KWEB,KraneShares CSI China Internet ETF,fund,us,AMEX,
ONEQ,Fidelity Nasdaq Composite Index ETF,fund,us,NASDAQ,
SDVY,First Trust SMID Cap Rising Dividend Achievers ETF,fund,us,NASDAQ,
VLUE,iShares MSCI USA Value Factor ETF,fund,us,CBOE,
MGC,Vanguard Mega Cap ETF,fund,us,AMEX,
BBCA,JPMorgan BetaBuilders Canada ETF,fund,us,CBOE,
IGF,iShares Global Infrastructure ETF,fund,us,NASDAQ,
JCPB,JPMorgan Core Plus Bond ETF,fund,us,CBOE,
IJK,iShares S&P Mid-Cap 400 Growth ETF,fund,us,AMEX,
VIGI,Vanguard International Dividend Appreciation ETF,fund,us,NASDAQ,
DFCF,Dimensional Core Fixed Income ETF,fund,us,AMEX,
FVD,First Trust Value Line Dividend Index Fund,fund,us,AMEX,
FNDA,Schwab Fundamental U.S. Small Company ETF,fund,us,AMEX,
IGM,iShares Expanded Tech Sector ETF,fund,us,AMEX,
AVLV,Avantis U.S. Large Cap Value ETF,fund,us,AMEX,
SPSB,State Street SPDR Portfolio Short Term Corporate Bond ETF,fund,us,AMEX,
DBEF,Xtrackers MSCI EAFE Hedged Equity ETF,fund,us,AMEX,
SCHH,Schwab U.S. REIT ETF,fund,us,AMEX,
IGV,iShares Expanded Tech-Software Sector ETF,fund,us,CBOE,
VCLT,Vanguard Long-Term Corporate Bond ETF,fund,us,NASDAQ,
EZU,iShares MSCI Eurozone ETF,fund,us,CBOE,
IBB,iShares Biotechnology ETF,fund,us,NASDAQ,
PRF,Invesco RAFI US 1000 ETF,fund,us,AMEX,
FNDE,Schwab Fundamental Emerging Markets Equity ETF,fund,us,AMEX,
BBEU,JPMorgan BetaBuilders Europe ETF,fund,us,CBOE,
VPL,Vanguard FTSE Pacific ETF,fund,us,AMEX,
VPU,Vanguard Utilities ETF,fund,us,AMEX,
FTCS,First Trust Capital Strength ETF,fund,us,NASDAQ,
GDXJ,VanEck Junior Gold Miners ETF,fund,us,AMEX,
JGRO,JPMorgan Active Growth ETF,fund,us,AMEX,
BUFR,FT Vest Laddered Buffer ETF,fund,us,CBOE,
QYLD,Global X NASDAQ 100 Covered Call ETF,fund,us,NASDAQ,
MCHI,iShares MSCI China ETF,fund,us,NASDAQ,
SHYG,iShares 0-5 Year High Yield Corporate Bond ETF,fund,us,AMEX,
CGUS,Capital Group Core Equity ETF,fund,us,AMEX,
IOO,iShares Global 100 ETF,fund,us,AMEX,
CGGO,Capital Group Global Growth Equity ETF,fund,us,AMEX,
IJJ,iShares S&P Mid-Cap 400 Value ETF,fund,us,AMEX,
JNK,State Street SPDR Bloomberg High Yield Bond ETF,fund,us,AMEX,
SPLV,Invesco S&P 500 Low Volatility ETF,fund,us,AMEX,
XBI,State Street SPDR S&P Biotech ETF,fund,us,AMEX,
XLRE,Real Estate Select Sector SPDR Fund,fund,us,AMEX,
FDVV,Fidelity High Dividend ETF,fund,us,AMEX,
VDC,Vanguard Consumer Staples ETF,fund,us,AMEX,
BAI,iShares A.I. Innovation and Tech Active ETF,fund,us,AMEX,
JQUA,JPMorgan U.S. Quality Factor ETF,fund,us,AMEX,
DFAE,Dimensional Emerging Core Equity Market ETF,fund,us,AMEX,
VDE,Vanguard Energy ETF,fund,us,AMEX,
SPYD,State Street SPDR Portfolio S&P 500 High Dividend ETF,fund,us,AMEX,
ACWX,iShares MSCI ACWI ex U.S. ETF,fund,us,NASDAQ,
JGLO,JPMorgan Global Select Equity ETF Global Select Equity ETF,fund,us,NASDAQ,
RWL,Invesco S&P 500 Revenue ETF,fund,us,AMEX,
SGOL,abrdn Physical Gold Shares ETF,fund,us,AMEX,
VONE,Vanguard Russell 1000 ETF,fund,us,NASDAQ,
EWY,iShares MSCI South Korea ETF,fund,us,AMEX,
ARKK,ARK Innovation ETF,fund,us,CBOE,
JMBS,Janus Henderson Mortgage-Backed Securities ETF,fund,us,AMEX,
FDN,First Trust Dow Jones Internet Index Fund,fund,us,AMEX,
SRLN,State Street Blackstone Senior Loan ETF,fund,us,AMEX,
AIQ,Global X Artificial Intelligence & Technology ETF,fund,us,NASDAQ,
DFEM,Dimensional Emerging Markets Core Equity 2 ETF,fund,us,AMEX,
THRO,iShares U.S. Thematic Rotation Active ETF,fund,us,AMEX,
TFLO,iShares Treasury Floating Rate Bond ETF,fund,us,AMEX,
SSO,ProShares Ultra S&P 500,fund,us,AMEX,
ICSH,iShares Ultra Short Duration Bond Active ETF,fund,us,CBOE,
EWT,iShares MSCI Taiwan ETF,fund,us,AMEX,
GBIL,ACCESS TREASURY 0-1 YEAR ETF,fund,us,AMEX,
SPMB,State Street SPDR Portfolio Mortgage Backed Bond ETF,fund,us,AMEX,
IEUR,iShares Core MSCI Europe ETF,fund,us,AMEX,
BOND,PIMCO Active Bond Exchange-Traded Fund,fund,us,NYSE,
FXI,iShares China Large-Cap ETF,fund,us,AMEX,
HEFA,iShares Currency Hedged MSCI EAFE ETF,fund,us,CBOE,
BKLN,Invesco Senior Loan ETF,fund,us,AMEX,
VUSB,Vanguard Ultra-Short Bond ETF,fund,us,CBOE,
PPA,Invesco Aerospace & Defense ETF,fund,us,AMEX,
TBIL,US Treasury 3 Month Bill ETF,fund,us,NASDAQ,
URTH,iShares MSCI World ETF,fund,us,AMEX,
JMTG,JPMorgan Mortgage-Backed Securities ETF,fund,us,AMEX,
FPE,First Trust Preferred Securities & Income ETF,fund,us,AMEX,
FTSM,First Trust Enhanced Short Maturity ETF,fund,us,NASDAQ,
EWZ,iShares MSCI Brazil ETF,fund,us,AMEX,
QQQI,NEOS Nasdaq 100 High Income ETF,fund,us,NASDAQ,
JPIE,JPMorgan Income ETF,fund,us,AMEX,
BBUS,JPMorgan BetaBuilders U.S. Equity ETF,fund,us,CBOE,
JMUB,JPMorgan Municipal ETF,fund,us,CBOE,
CGCP,Capital Group Core Plus Income ETF,fund,us,AMEX,
IJS,iShares S&P Small-Cap 600 Value ETF,fund,us,AMEX,
IXN,iShares Global Tech ETF,fund,us,AMEX,
IDV,iShares International Select Dividend ETF,fund,us,CBOE,
VIS,Vanguard Industrials ETF,fund,us,AMEX,
SPYI,NEOS S&P 500 High Income ETF,fund,us,CBOE,
VCR,Vanguard Consumer Discretionary ETF,fund,us,AMEX,
VOX,Vanguard Communication Services ETF,fund,us,AMEX,
IJT,iShares S&P Small-Cap 600 Growth ETF,fund,us,NASDAQ,
TCAF,T. Rowe Price Capital Appreciation Equity ETF,fund,us,AMEX,
FDL,First Trust Morningstar Dividend Leaders Index Fund,fund,us,AMEX,
BLV,Vanguard Long-Term Bond ETF,fund,us,AMEX,
SPTS,State Street SPDR Portfolio Short Term Treasury ETF,fund,us,AMEX,
SMBS,Schwab Mortgage-Backed Securities ETF,fund,us,AMEX,
PVAL,Putnam Focused Large Cap Value ETF,fund,us,AMEX,
BBIN,JPMorgan BetaBuilders International Equity ETF,fund,us,CBOE,
LMBS,First Trust Low Duration Opportunities ETF,fund,us,NASDAQ,
DFSD,Dimensional Short-Duration Fixed Income ETF,fund,us,AMEX,
VOOV,Vanguard S&P 500 Value ETF,fund,us,AMEX,
TSLL,Direxion Daily TSLA Bull 2X Shares,fund,us,NASDAQ,
AIRR,First Trust RBA American Industrial Renaissance ETF,fund,us,NASDAQ,
PAAA,PGIM AAA CLO ETF,fund,us,AMEX,
FELC,Fidelity Enhanced Large Cap Core ETF,fund,us,AMEX,
JMST,JPMorgan Ultra-Short Municipal Income ETF,fund,us,CBOE,
IAUM,iShares Gold Trust Micro ETF of Benef Interest,fund,us,AMEX,
SPXL,Direxion Daily S&P 500 Bull 3x Shares,fund,us,AMEX,
DIVO,Amplify CWP Enhanced Dividend Income ETF,fund,us,AMEX,
ESGE,iShares ESG Aware MSCI EM ETF,fund,us,NASDAQ,
KBWB,Invesco KBW Bank ETF,fund,us,NASDAQ,
DLN,WisdomTree U.S. LargeCap Dividend Fund,fund,us,AMEX,
DFSV,Dimensional US Small Cap Value ETF,fund,us,AMEX,
VWOB,Vanguard Emerging Markets Government Bond ETF,fund,us,NASDAQ,
GUNR,FlexShares Morningstar Global Upstream Natural Resources Index Fund,fund,us,AMEX,
BBAX,JPMorgan BetaBuilders Developed Asia Pacific ex-Japan ETF,fund,us,CBOE,
VSGX,Vanguard ESG International Stock ETF,fund,us,CBOE,
SJNK,State Street SPDR Bloomberg Short Term High Yield Bond ETF,fund,us,AMEX,
EFAV,iShares MSCI EAFE Min Vol Factor ETF,fund,us,CBOE,
FENI,Fidelity Enhanced International ETF,fund,us,AMEX,
VFLO,VictoryShares Free Cash Flow ETF,fund,us,NASDAQ,
FBCG,Fidelity Blue Chip Growth ETF,fund,us,CBOE,
XMHQ,Invesco S&P MidCap Quality ETF,fund,us,AMEX,
XLB,Materials Select Sector SPDR Fund,fund,us,AMEX,
SHLD,Global X Defense Tech ETF,fund,us,AMEX,
URA,Global X Uranium ETF,fund,us,AMEX,
DSI,iShares ESG MSCI KLD 400 ETF,fund,us,AMEX,
DIHP,Dimensional International High Profitability ETF,fund,us,CBOE,
SCHC,Schwab International Small-Cap Equity ETF,fund,us,AMEX,
VCRB,Vanguard Core Bond ETF,fund,us,NASDAQ,
DXJ,WisdomTree Japan Hedged Equity Fund,fund,us,AMEX,
ISTB,iShares Core 1-5 Year USD Bond ETF,fund,us,NASDAQ,
XMMO,Invesco S&P MidCap Momentum ETF,fund,us,AMEX,
BKLC,BNY Mellon US Large Cap Core Equity ETF,fund,us,AMEX,
FEZ,SPDR EURO STOXX 50 ETF,fund,us,AMEX,
OMFL,Invesco Russell 1000 Dynamic Multifactor ETF,fund,us,CBOE,
SCHK,Schwab 1000 Index ETF,fund,us,AMEX,
GRID,First Trust Nasdaq Clean Edge Smart GRID Infrastructure Index,fund,us,NASDAQ,
GSIE,Goldman Sachs ActiveBeta International Equity ETF,fund,us,AMEX,
JAVA,JPMorgan Active Value ETF,fund,us,AMEX,
CWB,State Street SPDR Bloomberg Convertible Securities ETF,fund,us,AMEX,
VFDEF,Vanguard FTSE Developed Europe UCITS ETF,fund,us,OTC,
CGMU,Capital Group Municipal Income ETF,fund,us,AMEX,
PDBC,Invesco Optimum Yield Diversified Commodity Strategy No K-1 ETF,fund,us,NASDAQ,
FELG,Fidelity Enhanced Large Cap Growth ETF,fund,us,AMEX,
TMF,Direxion Daily 20+ Year Treasury Bull 3X Shares,fund,us,AMEX,
NVDL,GraniteShares 2x Long NVDA Daily ETF,fund,us,NASDAQ,
EAGG,iShares ESG Aware US Aggregate Bond ETF,fund,us,AMEX,
JHMM,John Hancock Multifactor Mid Cap ETF,fund,us,AMEX,
IXJ,iShares Global Healthcare ETF,fund,us,AMEX,
BSCR,Invesco BulletShares 2027 Corporate Bond ETF,fund,us,NASDAQ,
RECS,Columbia Research Enhanced Core ETF,fund,us,AMEX,
DFIS,Dimensional International Small Cap ETF,fund,us,CBOE,
FSEC,Fidelity Investment Grade Securitized ETF,fund,us,AMEX,
BSCQ,Invesco BulletShares 2026 Corporate Bond ETF,fund,us,NASDAQ,
UPRO,ProShares UltraPro S&P500,fund,us,AMEX,
DFLV,Dimensional US Large Cap Value ETF,fund,us,AMEX,
XAR,State Street SPDR S&P Aerospace & Defense ETF,fund,us,AMEX,
JBND,JPMorgan Active Bond ETF,fund,us,NYSE,
EDV,Vanguard Extended Duration Treasury ETF,fund,us,AMEX,
VBIL,Vanguard 0-3 Month Treasury Bill ETF,fund,us,NASDAQ,
CGXU,Capital Group International Focus Equity ETF,fund,us,AMEX,
EMLC,VanEck J. P. Morgan EM Local Currency Bond ETF,fund,us,AMEX,
IHI,iShares U.S. Medical Devices ETF,fund,us,AMEX,
FMDE,Fidelity Enhanced Mid Cap ETF,fund,us,AMEX,
BTC,Grayscale Bitcoin Mini Trust ETF,fund,us,AMEX,
EUFN,iShares MSCI Europe Financials ETF,fund,us,NASDAQ,
TOTL,State Street DoubleLine Total Return Tactical ETF,fund,us,AMEX,
IYF,iShares U.S. Financials ETF,fund,us,AMEX,
HYLB,Xtrackers USD High Yield Corporate Bond ETF,fund,us,AMEX,
REET,iShares Global REIT ETF,fund,us,AMEX,
BILS,State Street SPDR Bloomberg 3-12 Month T-Bill ETF,fund,us,AMEX,
CGBL,Capital Group Core Balanced ETF,fund,us,AMEX,
EVTR,Eaton Vance Total Return Bond ETF,fund,us,NYSE,
SBIL,Simplify Government Money Market ETF,fund,us,AMEX,
PGX,Invesco Preferred ETF,fund,us,AMEX,
IYR,iShares U.S. Real Estate ETF,fund,us,AMEX,
EEMV,iShares MSCI Emerging Markets Min Vol Factor ETF,fund,us,CBOE,
SLYV,State Street SPDR S&P 600 Small Cap Value ETF,fund,us,AMEX,
RSPT,Invesco S&P 500 Equal Weight Technology ETF,fund,us,AMEX,
GVI,iShares Intermediate Government/Credit Bond ETF,fund,us,CBOE,
NEAR,iShares Short Duration Bond Active ETF,fund,us,CBOE,
DISV,Dimensional International Small Cap Value ETF,fund,us,CBOE,
HYD,VanEck High Yield Muni ETF,fund,us,CBOE,
CGMS,Capital Group U.S. Multi-Sector Income ETF,fund,us,AMEX,
CGDG,Capital Group Dividend Growers ETF,fund,us,AMEX,
MAGS,Roundhill Magnificent Seven ETF,fund,us,CBOE,
SIVR,abrdn Physical Silver Shares ETF,fund,us,AMEX,
VTHR,Vanguard Russell 3000 ETF,fund,us,NASDAQ,
CMF,iShares California Muni Bond ETF,fund,us,AMEX,
LVHI,Franklin International Low Volatility High Dividend Index ETF,fund,us,CBOE,
DON,WisdomTree U.S. MidCap Dividend Fund,fund,us,AMEX,
SUSA,iShares ESG Optimized MSCI USA ETF,fund,us,AMEX,
IBDR,iShares iBonds Dec 2026 Term Corporate ETF,fund,us,AMEX,
TECL,Direxion Daily Technology Bull 3x Shares,fund,us,AMEX,
CALF,Pacer US Small Cap Cash Cows ETF,fund,us,CBOE,
TDIV,First Trust NASDAQ Technology Dividend Index Fund,fund,us,NASDAQ,
SHM,State Street SPDR Nuveen ICE Short Term Municipal Bond ETF,fund,us,AMEX,
ICVT,iShares Convertible Bond ETF,fund,us,CBOE,
XT,iShares Future Exponential Technologies ETF,fund,us,NASDAQ,
VNQI,Vanguard Global ex-U.S. Real Estate ETF,fund,us,NASDAQ,
GRNY,Fundstrat Granny Shots US Large Cap ETF,fund,us,AMEX,
IBDS,iShares iBonds Dec 2027 Term Corporate ETF,fund,us,AMEX,
SIL,Global X Silver Miners ETF,fund,us,AMEX,
GNR,SPDR S&P Global Natural Resources ETF,fund,us,AMEX,
BITB,Bitwise Bitcoin ETF Trust,fund,us,AMEX,
KNG,FT Vest S&P 500 Dividend Aristocrats Target Income ETF,fund,us,CBOE,
ARKB,ARK 21Shares Bitcoin ETF,fund,us,CBOE,
FV,First Trust Dorsey Wright Focus 5 ETF,fund,us,NASDAQ,
FIXD,First Trust Smith Opportunistic Fixed Income ETF,fund,us,NASDAQ,
HELO,JPMorgan Hedged Equity Laddered Overlay ETF,fund,us,AMEX,
NLR,VanEck Uranium and Nuclear ETF,fund,us,AMEX,
EMLP,First Trust North American Energy Infrastructure Fund,fund,us,AMEX,
SLYG,State Street SPDR S&P 600 Small Cap Growth ETF,fund,us,AMEX,
IMTM,iShares MSCI Intl Momentum Factor ETF,fund,us,AMEX,
MSLC,Morgan Stanley Pathway Large Cap Equity ETF,fund,us,AMEX,
CGCB,Capital Group Core Bond ETF,fund,us,AMEX,
IYH,iShares U.S. Healthcare ETF,fund,us,AMEX,
ISMJF,iShares Core MSCI Pacific ex Japan UCITS ETF,fund,us,OTC,
EWC,iShares MSCI Canada ETF,fund,us,AMEX,
PZA,Invesco National AMT-Free Municipal Bond ETF,fund,us,AMEX,
ACWV,iShares MSCI Global Min Vol Factor ETF,fund,us,CBOE,
PTLC,Pacer Trendpilot US Large Cap ETF,fund,us,CBOE,
IBDT,iShares iBonds Dec 2028 Term Corporate ETF,fund,us,AMEX,
DEM,WisdomTree Emerging Markets High Dividend Fund,fund,us,AMEX,
USCA,Xtrackers MSCI USA Climate Action Equity ETF,fund,us,AMEX,
GSY,Invesco Ultra Short Duration ETF,fund,us,AMEX,
COPX,Global X Copper Miners ETF,fund,us,AMEX,
EAGL,Eagle Capital Select Equity ETF,fund,us,AMEX,
USMC,Principal U.S. Mega-Cap ETF,fund,us,NASDAQ,
USRT,iShares Core U.S. REIT ETF,fund,us,AMEX,
IBDU,iShares iBonds Dec 2029 Term Corporate ETF,fund,us,AMEX,
UCON,First Trust Smith Unconstrained Bond ETF,fund,us,AMEX,
AAXJ,iShares MSCI All Country Asia ex Japan ETF,fund,us,NASDAQ,
ANGL,VanEck Fallen Angel High Yield Bond ETF,fund,us,NASDAQ,
JPLD,JPMorgan Limited Duration Bond ETF,fund,us,CBOE,
TFI,State Street SPDR Nuveen ICE Municipal Bond ETF,fund,us,AMEX,
BSCS,Invesco BulletShares 2028 Corporate Bond ETF,fund,us,NASDAQ,
IFRA,iShares U.S. Infrastructure ETF,fund,us,CBOE,
SPHD,Invesco S&P 500 High Dividend Low Volatility ETF,fund,us,AMEX,
XYLD,Global X S&P 500 Covered Call ETF,fund,us,AMEX,
IMCG,iShares Morningstar Mid-Cap Growth ETF,fund,us,AMEX,
NFRA,FlexShares STOXX Global Broad Infrastructure Index Fund,fund,us,AMEX,
AOR,iShares Core 60/40 Balanced Allocation ETF,fund,us,AMEX,
IWX,iShares Russell Top 200 Value ETF,fund,us,AMEX,
SKYY,First Trust Cloud Computing ETF,fund,us,NASDAQ,
FNDC,Schwab Fundamental International Small Equity ETF,fund,us,AMEX,
EPI,WisdomTree India Earnings Fund,fund,us,AMEX,
ILCG,iShares Morningstar Growth ETF,fund,us,AMEX,
LRGF,iShares U.S. Equity Factor ETF,fund,us,AMEX,
ISMCF,iShares MSCI USA UCITS ETF,fund,us,OTC,
VIOO,Vanguard S&P Small-Cap 600 ETF,fund,us,AMEX,
BOTZ,Global X Robotics & Artificial Intelligence ETF,fund,us,NASDAQ,
DFGR,Dimensional Global Real Estate ETF,fund,us,AMEX,
JTEK,JPMorgan U.S. Tech Leaders ETF,fund,us,NASDAQ,
GSUS,Goldman Sachs MarketBeta U.S. Equity ETF,fund,us,CBOE,
FESM,Fidelity Enhanced Small Cap ETF,fund,us,AMEX,
HYMB,State Street SPDR Nuveen ICE High Yield Municipal Bond ETF,fund,us,AMEX,
VNLA,Janus Henderson Short Duration Income ETF,fund,us,AMEX,
QTUM,Defiance Quantum ETF,fund,us,NASDAQ,
CQQQ,Invesco China Technology ETF,fund,us,AMEX,
IVOO,Vanguard S&P Mid-Cap 400 ETF,fund,us,AMEX,
FLCB,Franklin U.S Core Bond ETF,fund,us,AMEX,
KRE,State Street SPDR S&P Regional Banking ETF,fund,us,AMEX,
FHLC,Fidelity MSCI Health Care Index ETF,fund,us,AMEX,
IVLU,iShares MSCI Intl Value Factor ETF,fund,us,AMEX,
QLTY,GMO US Quality ETF,fund,us,AMEX,
QTEC,First Trust NASDAQ-100 Technology Sector Index Fund,fund,us,NASDAQ,
ETHE,Grayscale Ethereum Trust ETF,fund,us,AMEX,
NUGO,Nuveen Growth Opportunities ETF,fund,us,AMEX,
UITB,VictoryShares Core Intermediate Bond ETF,fund,us,NASDAQ,
INTF,iShares International Equity Factor ETF,fund,us,AMEX,
USCL,iShares Climate Conscious & Transition MSCI USA ETF,fund,us,NASDAQ,
IGLB,iShares 10+ Year Investment Grade Corporate Bond ETF,fund,us,AMEX,
EWU,iShares MSCI United Kingdom ETF,fund,us,AMEX,
FLRN,State Street SPDR Bloomberg Investment Grade Floating Rate ETF,fund,us,AMEX,
VAW,Vanguard Materials ETF,fund,us,AMEX,
FLIN,Franklin FTSE India ETF,fund,us,AMEX,
SILJ,Amplify Junior Silver Miners ETF,fund,us,AMEX,
IYY,iShares Dow Jones U.S. ETF,fund,us,AMEX,
AOA,iShares Core 80/20 Aggressive Allocation ETF,fund,us,AMEX,
SQQQ,ProShares UltraPro Short QQQ,fund,us,NASDAQ,
IBDQ,iShares iBonds Dec 2025 Term Corporate ETF,fund,us,AMEX,
FLTR,VanEck IG Floating Rate ETF,fund,us,AMEX,
KLMN,Invesco MSCI North America Climate ETF,fund,us,AMEX,
SCMB,Schwab Municipal Bond ETF,fund,us,AMEX,
TDTT,FlexShares iBoxx 3 Year Target Duration TIPS Index Fund,fund,us,AMEX,
GCOW,Pacer Global Cash Cows Dividend ETF,fund,us,CBOE,
FLJP,Franklin FTSE Japan ETF,fund,us,AMEX,
SMLF,iShares U.S. SmallCap Equity Factor ETF,fund,us,AMEX,
MLPX,Global X MLP & Energy Infrastructure ETF,fund,us,AMEX,
BSCT,Invesco BulletShares 2029 Corporate Bond ETF,fund,us,NASDAQ,
RING,iShares MSCI Global Gold Miners ETF,fund,us,NASDAQ,
BSCP,Invesco Bulletshares 2025 Corporate Bond ETF,fund,us,NASDAQ,
RDVI,FT Vest Rising Dividend Achievers Target Income ETF,fund,us,CBOE,
PRFZ,Invesco RAFI US 1500 Small-Mid ETF,fund,us,NASDAQ,
XME,State Street SPDR S&P Metals & Mining ETF,fund,us,AMEX,
CGHM,Capital Group Municipal High-Income ETF,fund,us,AMEX,
ITB,iShares U.S. Home Construction ETF,fund,us,CBOE,
FELV,Fidelity Enhanced Large Cap Value ETF,fund,us,AMEX,
MUNI,PIMCO Intermediate Municipal Bond Active Exchange-Traded Fund,fund,us,AMEX,
SPYX,State Street SPDR S&P 500 Fossil Fuel Reserves Free ETF,fund,us,AMEX,
IBDV,iShares iBonds Dec 2030 Term Corporate ETF,fund,us,AMEX,
FTSL,First Trust Senior Loan Fund,fund,us,NASDAQ,
SLQD,iShares 0-5 Year Investment Grade Corporate Bond ETF,fund,us,NASDAQ,
COWG,Pacer US Large Cap Cash Cows Growth Leaders ETF,fund,us,NASDAQ,
OUNZ,VanEck Merk Gold ETF,fund,us,AMEX,
SPGP,Invesco S&P 500 GARP ETF,fund,us,AMEX,
VRP,Invesco Variable Rate Preferred ETF,fund,us,AMEX,
HIMU,iShares High Yield Muni Active ETF,fund,us,CBOE,
AAAU,Goldman Sachs Physical Gold ETF,fund,us,CBOE,
SECT,Main Sector Rotation ETF,fund,us,CBOE,
MDYG,State Street SPDR S&P 400 Mid Cap Growth ETF,fund,us,AMEX,
MDYV,State Street SPDR S&P 400 Mid Cap Value ETF,fund,us,AMEX,
FAS,Direxion Daily Financial Bull 3x Shares,fund,us,AMEX,
KOMP,State Street SPDR S&P Kensho New Economies Composite ETF,fund,us,AMEX,
FNCL,Fidelity MSCI Financials Index ETF,fund,us,AMEX,
TBLL,Invesco Short Term Treasury ETF,fund,us,AMEX,
SMTH,ALPS/SMITH Core Plus Bond ETF,fund,us,AMEX,
GPIX,Goldman Sachs S&P 500 Premium Income ETF,fund,us,NASDAQ,
HDEF,Xtrackers MSCI EAFE High Dividend Yield Equity ETF,fund,us,AMEX,
PFFD,Global X U.S. Preferred ETF,fund,us,AMEX,
FLXR,TCW Flexible Income ETF,fund,us,NYSE,
ILF,iShares Latin America 40 ETF,fund,us,AMEX,
IHDG,WisdomTree International Hedged Quality Dividend Growth Fund,fund,us,AMEX,
EBND,SPDR Bloomberg Emerging Markets Local Bond ETF,fund,us,AMEX,
DCOR,Dimensional US Core Equity 1 ETF,fund,us,AMEX,
BITO,ProShares Bitcoin ETF,fund,us,AMEX,
PABU,iShares Paris-Aligned Climate Optimized MSCI USA ETF,fund,us,NASDAQ,
ACIO,Aptus Collared Investment Opportunity ETF,fund,us,CBOE,
CWI,SPDR MSCI ACWI ex-US ETF,fund,us,AMEX,
SNPE,Xtrackers S&P 500 Scored & Screened ETF,fund,us,AMEX,
IBTG,iShares iBonds Dec 2026 Term Treasury ETF,fund,us,NASDAQ,
VNGLF,Vanguard FTSE Developed Europe UCITS ETF Accum EUR,fund,us,OTC,
FUTY,Fidelity MSCI Utilities Index ETF,fund,us,AMEX,
BDYN,iShares Dynamic Equity Active ETF,fund,us,NASDAQ,
BALT,Innovator Defined Wealth Shield ETF,fund,us,CBOE,
FTGC,First Trust Global Tactical Commodity Strategy Fund,fund,us,NASDAQ,
HACK,Amplify Cybersecurity ETF,fund,us,AMEX,
GLTR,abrdn Physical Precious Metals Basket Shares ETF,fund,us,AMEX,
IDMO,Invesco S&P International Developed Momentum ETF,fund,us,AMEX,
PXF,Invesco RAFI Developed Markets ex-U.S. ETF,fund,us,AMEX,
GPIQ,Goldman Sachs Nasdaq-100 Premium Income ETF,fund,us,NASDAQ,
JPHY,JPMorgan Active High Yield ETF,fund,us,CBOE,
ITM,VanEck Intermediate Muni ETF,fund,us,CBOE,
BSCU,Invesco BulletShares 2030 Corporate Bond ETF,fund,us,NASDAQ,
FTLS,First Trust Long/Short Equity ETF,fund,us,AMEX,
APUE,ActivePassive U.S. Equity ETF,fund,us,AMEX,
HTRB,Hartford Total Return Bond ETF,fund,us,AMEX,
PHO,Invesco Water Resources ETF,fund,us,NASDAQ,
BKAG,BNY Mellon Core Bond ETF,fund,us,AMEX,
FXO,First Trust Financials AlphaDEX Fund,fund,us,AMEX,
GUSA,Goldman Sachs MarketBeta U.S. 1000 Equity ETF,fund,us,AMEX,
DFGP,Dimensional Global Core Plus Fixed Income ETF,fund,us,NASDAQ,
QGRO,American Century U.S. Quality Growth ETF,fund,us,AMEX,
TSPA,T. Rowe Price U.S. Equity Research ETF,fund,us,AMEX,
ESML,iShares ESG Aware MSCI USA Small-Cap ETF,fund,us,CBOE,
IBDW,iShares iBonds Dec 2031 Term Corporate ETF,fund,us,AMEX,
ETH,Grayscale Ethereum Mini Trust ETF,fund,us,AMEX,
ARKW,ARK Next Generation Internet ETF,fund,us,CBOE,
BCI,abrdn Bloomberg All Commodity Strategy K-1 Free ETF,fund,us,AMEX,
JMEE,JPMorgan Small & Mid Cap Enhanced Equity ETF,fund,us,AMEX,
QGRW,WisdomTree U.S. Quality Growth Fund,fund,us,AMEX,
PFXF,VanEck Preferred Securities ex Financials ETF,fund,us,AMEX,
XHLF,BondBloxx Bloomberg Six Month Target Duration US Treasury ETF,fund,us,AMEX,
WTV,WisdomTree US Value Fund of Benef Interest,fund,us,AMEX,
DBMF,iMGP DBi Managed Futures Strategy ETF,fund,us,AMEX,
FMB,First Trust Managed Municipal ETF,fund,us,NASDAQ,
QDF,FlexShares Quality Dividend Index Fund,fund,us,AMEX,
EWW,iShares MSCI Mexico ETF,fund,us,AMEX,
MSTY,YieldMax MSTR Option Income Strategy ETF,fund,us,AMEX,
FETH,Fidelity Ethereum Fund ETF,fund,us,CBOE,
XSMO,Invesco S&P SmallCap Momentum ETF,fund,us,AMEX,
DIVI,Franklin International Core Dividend Tilt Index Fund,fund,us,AMEX,
XSOE,WisdomTree Emerging Markets ex-State-Owned Enterprises Fund,fund,us,AMEX,
GTO,Invesco Total Return Bond ETF,fund,us,AMEX,
BBMC,JPMorgan BetaBuilders U.S. Mid Cap Equity ETF,fund,us,AMEX,
AVSC,Avantis U.S Small Cap Equity ETF,fund,us,AMEX,
PFFA,Virtus InfraCap U.S. Preferred Stock ETF,fund,us,AMEX,
NULG,Nuveen ESG Large-Cap Growth ETF,fund,us,CBOE,
IWL,iShares Russell Top 200 ETF,fund,us,AMEX,
SCYB,Schwab High Yield Bond ETF,fund,us,AMEX,
ICLN,iShares Global Clean Energy ETF,fund,us,NASDAQ,
IDU,iShares U.S. Utilities ETF,fund,us,AMEX,
IPAC,iShares Core MSCI Pacific ETF,fund,us,AMEX,
ICF,iShares Select U.S. REIT ETF,fund,us,CBOE,
PPLT,abrdn Physical Platinum Shares ETF,fund,us,AMEX,
IXC,iShares Global Energy ETF,fund,us,AMEX,
FIW,First Trust Water ETF,fund,us,AMEX,
NULV,Nuveen ESG Large-Cap Value ETF,fund,us,CBOE,
FCOM,Fidelity MSCI Communication Services Index ETF,fund,us,AMEX,
IYG,iShares US Financial Services ETF,fund,us,AMEX,
SMMD,iShares Russell 2500 ETF,fund,us,CBOE,
DFNM,Dimensional National Municipal Bond ETF,fund,us,AMEX,
EQWL,Invesco S&P 100 Equal Weight ETF,fund,us,AMEX,
ARTY,iShares Future AI & Tech ETF,fund,us,AMEX,
IBTH,iShares iBonds Dec 2027 Term Treasury ETF,fund,us,NASDAQ,
FPEI,First Trust Institutional Preferred Securities & Income ETF,fund,us,AMEX,
TMFC,Motley Fool 100 Index ETF,fund,us,CBOE,
MLPA,Global X MLP ETF,fund,us,AMEX,
FXU,First Trust Utilities AlphaDEX Fund,fund,us,AMEX,
FDIS,Fidelity MSCI Consumer Discretionary Index ETF,fund,us,AMEX,
TIPX,State Street SPDR Bloomberg 1-10 Year TIPS ETF,fund,us,AMEX,
QQEW,First Trust Nasdaq-100 Equal Weighted Index Fund,fund,us,NASDAQ,
CGSD,Capital Group Short Duration Income ETF,fund,us,AMEX,
FSMD,Fidelity Small-Mid Multifactor ETF,fund,us,AMEX,
DSTL,Distillate US Fundamental Stability & Value ETF,fund,us,AMEX,
SPUS,SP Funds S&P 500 Sharia Industry Exclusions ETF,fund,us,AMEX,
TILT,FlexShares Morningstar US Market Factor Tilt Index Fund,fund,us,CBOE,
HYLS,First Trust Tactical High Yield ETF,fund,us,NASDAQ,
DES,WisdomTree U.S. SmallCap Dividend Fund,fund,us,AMEX,
SPBO,State Street SPDR Portfolio Corporate Bond ETF,fund,us,AMEX,
FALN,iShares Fallen Angels USD Bond ETF,fund,us,NASDAQ,
FTHI,First Trust BuyWrite Income ETF,fund,us,NASDAQ,
DFSU,Dimensional US Sustainability Core 1 ETF,fund,us,AMEX,
HEDJ,WisdomTree Europe Hedged Equity Fund,fund,us,AMEX,
QLTA,iShares Aaa-A Rated Corporate Bond ETF,fund,us,AMEX,
CLIP,Global X 1-3 Month T-Bill ETF,fund,us,AMEX,
PXH,Invesco RAFI Emerging Markets ETF,fund,us,AMEX,
FLQM,Franklin U.S. Mid Cap Multifactor Index ETF,fund,us,CBOE,
ZROZ,PIMCO 25+ Year Zero Coupon US Treasury Index Exchange-Traded Fund,fund,us,AMEX,
USTB,VictoryShares Short-Term Bond ETF,fund,us,NASDAQ,
EPP,iShares MSCI Pacific ex-Japan ETF,fund,us,AMEX,
EWG,iShares MSCI Germany ETF,fund,us,AMEX,
BSVO,EA Bridgeway Omni Small-Cap Value ETF,fund,us,NASDAQ,
REGL,ProShares S&P MidCap 400 Dividend Aristocrats ETF,fund,us,CBOE,
FTCB,First Trust Core Investment Grade ETF,fund,us,AMEX,
FXR,First Trust Industrials/Producer Durables AlphaDEX Fund,fund,us,AMEX,
JMOM,JPMorgan U.S. Momentum Factor ETF,fund,us,AMEX,
ASHR,Xtrackers Harvest CSI 300 China A-Shares ETF,fund,us,AMEX,
IBTF,iShares iBonds Dec 2025 Term Treasury ETF,fund,us,NASDAQ,
FRDM,Freedom 100 Emerging Markets ETF,fund,us,CBOE,
TLTW,iShares 20+ Year Treasury Bond BuyWrite Strategy ETF,fund,us,CBOE,
TNA,Direxion Daily Small Cap Bull 3x Shares,fund,us,AMEX,
XOP,State Street SPDR S&P Oil & Gas Exploration & Production ETF,fund,us,AMEX,
MTBA,Simplify MBS ETF,fund,us,AMEX,
URNM,Sprott Uranium Miners ETF,fund,us,AMEX,
HYDB,iShares High Yield Systematic Bond ETF,fund,us,CBOE,
DGS,WisdomTree Emerging Markets SmallCap Dividend Fund,fund,us,AMEX,
NVDY,YieldMax NVDA Option Income Strategy ETF,fund,us,AMEX,
AOM,iShares Core 40/60 Moderate Allocation ETF,fund,us,AMEX,
IYJ,iShares U.S. Industrials ETF,fund,us,CBOE,
DUSB,Dimensional Ultrashort Fixed Income ETF,fund,us,AMEX,
FLQL,Franklin U.S. Large Cap Multifactor Index ETF,fund,us,CBOE,
RWR,State Street SPDR Dow Jones REIT ETF,fund,us,AMEX,
TCHP,T. Rowe Price Blue Chip Growth ETF,fund,us,AMEX,
QUS,State Street SPDR MSCI USA StrategicFactors ETF,fund,us,AMEX,
USPX,Franklin U.S. Equity Index ETF,fund,us,AMEX,
TAGG,T. Rowe Price QM U.S. Bond ETF,fund,us,AMEX,
NHYB,Nuveen High Yield Corporate Bond ETF,fund,us,AMEX,
JPEF,JPMorgan Equity Focus ETF,fund,us,NASDAQ,
BUFD,FT Vest Laddered Deep Buffer ETF,fund,us,CBOE,
EEMA,iShares MSCI Emerging Markets Asia ETF,fund,us,NASDAQ,
IEV,iShares Europe ETF,fund,us,AMEX,
VTES,Vanguard Short-Term Tax Exempt Bond ETF,fund,us,AMEX,
YEAR,AB Ultra Short Income ETF,fund,us,AMEX,
VTEC,Vanguard California Tax-Exempt Bond ETF,fund,us,CBOE,
BNDW,Vanguard Total World Bond ETF,fund,us,NASDAQ,
USD,ProShares Ultra Semiconductors,fund,us,AMEX,
HYS,PIMCO 0-5 Year High Yield Corporate Bond Index Exchange-Traded Fund,fund,us,AMEX,
SCHY,Schwab International Dividend Equity ETF,fund,us,AMEX,
HODL,VanEck Bitcoin ETF,fund,us,CBOE,
AIA,iShares Asia 50 ETF,fund,us,NASDAQ,
EWP,iShares MSCI Spain ETF,fund,us,AMEX,
GLOV,Activebeta World Low Vol Plus Equity ETF,fund,us,CBOE,
REMX,VanEck Rare Earth and Strategic Metals ETF,fund,us,AMEX,
RPG,Invesco S&P 500 Pure Growth ETF,fund,us,AMEX,
UBND,VictoryShares Core Plus Intermediate Bond ETF,fund,us,NASDAQ,
IHCNF,iShares MSCI Canada UCITS ETF,fund,us,OTC,
BIZD,VanEck BDC Income ETF,fund,us,AMEX,
IAI,iShares U.S. Broker-Dealers & Securities Exchanges ETF,fund,us,AMEX,
IYC,iShares U.S. Consumer Discretionary ETF,fund,us,AMEX,
AVIG,Avantis Core Fixed Income ETF,fund,us,AMEX,
IGEB,iShares Investment Grade Systematic Bond ETF,fund,us,CBOE,
ILOW,AB International Low Volatility Equity ETF,fund,us,AMEX,
CLOA,iShares AAA CLO Active ETF,fund,us,NASDAQ,
VGUDF,Vanguard FTSE Developed Asia Pacific (ex-Japan) UCITS ETF,fund,us,OTC,
FDLO,Fidelity Low Volatility Factor ETF,fund,us,AMEX,
DRSK,Aptus Defined Risk ETF,fund,us,CBOE,
XSD,State Street SPDR S&P Semiconductor ETF,fund,us,AMEX,
ARKQ,ARK Autonomous Technology & Robotics ETF,fund,us,CBOE,
PKW,Invesco Buyback Achievers ETF,fund,us,NASDAQ,
QVML,Invesco S&P 500 QVM Multi-factor ETF,fund,us,AMEX,
RWJ,Invesco S&P SmallCap 600 Revenue ETF,fund,us,AMEX,
DTD,WisdomTree U.S. Total Dividend Fund,fund,us,AMEX,
XHB,State Street SPDR S&P Homebuilders ETF,fund,us,AMEX,
FSIG,First Trust Limited Duration Investment Grade Corporate ETF,fund,us,AMEX,
BAR,GraniteShares Gold Shares,fund,us,AMEX,
FIDU,Fidelity MSCI Industrial Index ETF,fund,us,AMEX,
UTES,Virtus Reaves Utilities ETF,fund,us,AMEX,
UNIY,WisdomTree Voya Yield Enhanced USD Universal Bond Fund ETF,fund,us,NASDAQ,
EWL,iShares MSCI Switzerland ETF,fund,us,AMEX,
VTC,Vanguard Total Corporate Bond ETF,fund,us,NASDAQ,
ULTY,YieldMax Ultra Option Income Strategy ETF,fund,us,AMEX,
BSCV,Invesco BulletShares 2031 Corporate Bond ETF,fund,us,NASDAQ,
BAFE,Brown Advisory Flexible Equity ETF,fund,us,NASDAQ,
RAVI,FlexShares Ultra-Short Income Fund,fund,us,AMEX,
LIT,Global X Lithium & Battery Tech ETF,fund,us,AMEX,
PREF,Principal Spectrum Preferred Secs Active ETF,fund,us,AMEX,
JPIB,JPMorgan International Bond Opportunities ETF of Benef Interest,fund,us,CBOE,
DFAR,Dimensional US Real Estate ETF,fund,us,AMEX,
BITX,2x Bitcoin Strategy ETF,fund,us,CBOE,
PSC,Principal U.S. Small-Cap ETF,fund,us,NASDAQ,
XNTK,State Street SPDR NYSE Technology ETF,fund,us,AMEX,
CORP,PIMCO Investment Grade Corporate Bond Index ETF,fund,us,AMEX,
ICOW,Pacer Developed Markets International Cash Cows 100 ETF,fund,us,CBOE,
ETHU,2x Ether ETF,fund,us,CBOE,
LCTU,iShares U.S. Carbon Transition Readiness Aware Active ETF,fund,us,AMEX,
VIOV,Vanguard S&P Small-Cap 600 Value ETF,fund,us,AMEX,
IBDX,iShares iBonds Dec 2032 Term Corporate ETF,fund,us,AMEX,
EUSA,iShares MSCI USA Equal Weighted ETF,fund,us,AMEX,
GSEW,Goldman Sachs Equal Weight U.S. Large Cap Equity ETF,fund,us,CBOE,
KLMT,Invesco MSCI Global Climate 500 ETF,fund,us,AMEX,
BDVL,iShares Disciplined Volatility Equity Active ETF Trust Unit,fund,us,NASDAQ,
HGER,Harbor Commodity All-Weather Strategy ETF,fund,us,NYSE,
PWB,Invesco Large Cap Growth ETF,fund,us,AMEX,
EVLN,Eaton Vance Floating-Rate ETF,fund,us,AMEX,
RPV,Invesco S&P 500 Pure Value ETF,fund,us,AMEX,
BWX,SPDR Bloomberg International Treasury Bond ETF,fund,us,AMEX,
SOXS,Direxion Daily Semiconductor Bear 3x Shares,fund,us,AMEX,
FXL,First Trust Technology AlphaDEX Fund,fund,us,AMEX,
FEX,First Trust Large Cap Core AlphaDEX Fund,fund,us,NASDAQ,
JSI,Janus Henderson Securitized Income ETF,fund,us,AMEX,
IMCB,iShares Morningstar Mid-Cap ETF,fund,us,AMEX,
BBAG,JPMorgan BetaBuilders U.S. Aggregate Bond ETF,fund,us,AMEX,
PCY,Invesco Emerging Markets Sovereign Debt ETF,fund,us,AMEX,
KBE,State Street SPDR S&P Bank ETF,fund,us,AMEX,
CGGE,Capital Group Global Equity ETF,fund,us,AMEX,
IYK,iShares U.S. Consumer Staples ETF,fund,us,AMEX,
QDPL,Pacer Metaurus US Large Cap Dividend Multiplier 400 ETF,fund,us,AMEX,
SUSC,iShares ESG Aware USD Corporate Bond ETF,fund,us,NASDAQ,
VRIG,Invesco Variable Rate Investment Grade ETF,fund,us,NASDAQ,
NYM,AB New York Intermediate Municipal ETF,fund,us,AMEX,
MEAR,iShares Short Maturity Municipal Bond Active ETF,fund,us,CBOE,
FSTA,Fidelity MSCI Consumer Staples Index ETF,fund,us,AMEX,
FENY,Fidelity MSCI Energy Index ETF,fund,us,AMEX,
IVOG,Vanguard S&P Mid-Cap 400 Growth ETF,fund,us,AMEX,
DHS,WisdomTree U.S. High Dividend Fund,fund,us,AMEX,
FBT,First Trust NYSE Arca Biotechnology Index Fund,fund,us,AMEX,
EWA,iShares MSCI Australia ETF,fund,us,AMEX,
EPS,WisdomTree U.S. LargeCap Fund,fund,us,AMEX,
INFL,Horizon Kinetics Inflation Beneficiaries ETF,fund,us,AMEX,
RODM,Hartford Multifactor Developed Markets (ex-US) ETF,fund,us,AMEX,
CLOI,VanEck CLO ETF,fund,us,AMEX,
SPGM,SPDR Portfolio MSCI Global Stock Market ETF,fund,us,AMEX,
DBC,Invesco DB Commodity Index Tracking Fund,fund,us,AMEX,
IBTI,iShares iBonds Dec 2028 Term Treasury ETF,fund,us,NASDAQ,
XCEM,Columbia EM Core ex-China ETF,fund,us,AMEX,
JBBB,Janus Henderson B-BBB CLO ETF,fund,us,CBOE,
RSSL,Global X Russell 2000 ETF,fund,us,AMEX,
DFGX,Dimensional Global ex US Core Fixed Income ETF,fund,us,NASDAQ,
MMIT,NYLI MacKay Muni Intermediate ETF,fund,us,AMEX,
EMGF,iShares Emerging Markets Equity Factor ETF,fund,us,CBOE,
CGIE,Capital Group International Equity ETF,fund,us,AMEX,
NTSX,WisdomTree U.S. Efficient Core Fund,fund,us,AMEX,
EQTY,Kovitz Core Equity ETF,fund,us,AMEX,
PTNQ,Pacer Trendpilot 100 ETF,fund,us,NASDAQ,
DFEV,Dimensional Emerging Markets Value ETF,fund,us,AMEX,
PWV,Invesco Large Cap Value ETF,fund,us,AMEX,
SFLR,Innovator Equity Managed Floor ETF,fund,us,AMEX,
FWD,AB Disruptors ETF,fund,us,AMEX,
IMSCF,iShares MSCI Japan UCITS ETF,fund,us,OTC,
JEMA,JPMorgan ActiveBuilders Emerging Markets Equity ETF,fund,us,CBOE,
PDP,Invesco Dorsey Wright Momentum ETF,fund,us,NASDAQ,
FLMI,Franklin Dynamic Municipal Bond ETF,fund,us,AMEX,
RYLD,Global X Russell 2000 Covered Call ETF,fund,us,AMEX,
SDOG,ALPS Sector Dividend Dogs ETF,fund,us,AMEX,
NUSC,Nuveen ESG Small-Cap ETF,fund,us,CBOE,
HYGV,FlexShares High Yield Value-Scored Bond Index Fund,fund,us,AMEX,
FTGS,First Trust Growth Strength ETF,fund,us,NASDAQ,
UYLD,Angel Oak UltraShort Income ETF,fund,us,NASDAQ,
JFLX,JPMorgan Flexible Debt ETF,fund,us,AMEX,
BSCW,Invesco BulletShares 2032 Corporate Bond ETF,fund,us,NASDAQ,
FTC,First Trust Large Cap Growth AlphaDEX Fund,fund,us,NASDAQ,
PJAN,Innovator U.S. Equity Power Buffer ETF - January,fund,us,CBOE,
BHYB,Xtrackers USD High Yield BB-B ex Financials ETF,fund,us,CBOE,
ROBO,ROBO Global Robotics & Automation Index ETF,fund,us,AMEX,
GSST,Goldman Sachs Ultra Short Bond ETF,fund,us,CBOE,
BSJQ,Invesco BulletShares 2026 High Yield Corp Bond ETF,fund,us,NASDAQ,
GEM,Goldman Sachs ActiveBeta Emerging Markets Equity ETF,fund,us,AMEX,
FLDR,Fidelity Low Duration Bond Factor ETF,fund,us,CBOE,
FTXL,First Trust Nasdaq Semiconductor ETF,fund,us,NASDAQ,
HFXI,NYLI FTSE International Equity Currency Neutral ETF,fund,us,AMEX,
USXF,iShares ESG Advanced MSCI USA ETF,fund,us,NASDAQ,
CTA,Simplify Managed Futures Strategy ETF,fund,us,AMEX,
PPH,VanEck Pharmaceutical ETF,fund,us,NASDAQ,
RWO,SPDR Dow Jones Global Real Estate ETF,fund,us,AMEX,
PIEQ,Principal International Equity ETF,fund,us,CBOE,
AGQ,ProShares Ultra Silver,fund,us,AMEX,
TDVG,T. Rowe Price Dividend Growth ETF,fund,us,AMEX,
FTA,First Trust Large Cap Value AlphaDEX Fund,fund,us,NASDAQ,
FJUL,FT Vest U.S. Equity Buffer ETF - July,fund,us,CBOE,
FFEB,FT Vest U.S. Equity Buffer Fund - February,fund,us,CBOE,
ILCB,iShares Morningstar U.S. Equity ETF,fund,us,AMEX,
FJAN,FT Vest US Equity Buffer ETF - January,fund,us,CBOE,
EFIV,State Street SPDR S&P 500 ESG ETF,fund,us,AMEX,
ILCV,iShares Morningstar Value ETF,fund,us,AMEX,
QQQE,Direxion NASDAQ-100 Equal Weighted Index Shares,fund,us,NASDAQ,
TSLY,YieldMax TSLA Option Income Strategy ETF,fund,us,AMEX,
SH,ProShares Short S&P500,fund,us,AMEX,
IYE,iShares U.S. Energy ETF,fund,us,AMEX,
PJUL,Innovator U.S. Equity Power Buffer ETF - July,fund,us,CBOE,
FQAL,Fidelity Quality Factor ETF,fund,us,AMEX,
CAM,AB California Intermediate Municipal ETF,fund,us,AMEX,
PWZ,Invesco California AMT-Free Municipal Bond ETF,fund,us,AMEX,
FNX,First Trust Mid Cap Core AlphaDEX Fund,fund,us,NASDAQ,
CGNG,Capital Group New Geography Equity ETF,fund,us,AMEX,
FAUG,FT Vest U.S. Equity Buffer ETF - August,fund,us,CBOE,
LGLV,State Street SPDR US Large Cap Low Volatility Index ETF,fund,us,AMEX,
SMIG,Bahl & Gaynor Small/Mid Cap Income Growth ETF,fund,us,AMEX,
JSCP,JPMorgan Short Duration Core Plus ETF,fund,us,AMEX,
FDEC,FT Vest US Equity Buffer ETF - December,fund,us,CBOE,
USVM,VictoryShares US Small Mid Cap Value Momentum ETF,fund,us,NASDAQ,
FLGV,Franklin U.S. Treasury Bond ETF,fund,us,AMEX,
DIVB,iShares Core Dividend ETF,fund,us,CBOE,
OIH,VanEck Oil Services ETF,fund,us,AMEX,
FSEP,FT Vest U.S. Equity Buffer ETF - September,fund,us,CBOE,
GSG,iShares S&P GSCI Commodity Indexed Trust,fund,us,AMEX,
POCT,Innovator U.S. Equity Power Buffer ETF - October,fund,us,CBOE,
VFMO,Vanguard U.S. Momentum Factor ETF,fund,us,CBOE,
BLOK,Amplify Blockchain Technology ETF,fund,us,AMEX,
IGRO,iShares International Dividend Growth ETF,fund,us,CBOE,
IVOV,Vanguard S&P Mid-Cap 400 Value ETF,fund,us,AMEX,
CGCV,Capital Group Conservative Equity ETF,fund,us,AMEX,
ARKG,ARK Genomic Revolution ETF,fund,us,CBOE,
FPX,First Trust US Equity Opportunities ETF,fund,us,AMEX,
EUAD,Select STOXX Europe Aerospace & Defense ETF,fund,us,CBOE,
BUFQ,FT Vest Laddered Nasdaq Buffer ETF,fund,us,CBOE,
ISPY,ProShares S&P 500 High Income ETF,fund,us,CBOE,
FVAL,Fidelity Value Factor ETF,fund,us,AMEX,
FREL,Fidelity MSCI Real Estate Index ETF,fund,us,AMEX,
SPLB,State Street SPDR Portfolio Long Term Corporate Bond ETF,fund,us,AMEX,
SUSB,iShares ESG Aware 1-5 Year USD Corporate Bond ETF,fund,us,NASDAQ,
CATH,Global X S&P 500 Catholic Values Custom ETF,fund,us,NASDAQ,
VTEI,Vanguard Intermediate-Term Tax-Exempt Bond ETF,fund,us,CBOE,
IGOV,iShares International Treasury Bond ETF,fund,us,NASDAQ,
TMSL,T. Rowe Price Small-Mid Cap ETF,fund,us,AMEX,
VTWG,Vanguard Russell 2000 Growth ETF,fund,us,NASDAQ,
SCCR,Schwab Core Bond ETF,fund,us,AMEX,
TAFI,AB Tax-Aware Short Duration Municipal ETF,fund,us,AMEX,
BKIE,BNY Mellon International Equity ETF,fund,us,AMEX,
FJUN,FT Vest U.S. Equity Buffer ETF - June,fund,us,CBOE,
IBHF,iShares iBonds 2026 Term High Yield and Income ETF,fund,us,CBOE,
DFIP,Dimensional Inflation-Protected Securities ETF,fund,us,AMEX,
SDIV,Global X Superdividend ETF,fund,us,AMEX,
WINN,Harbor Long-Term Growers ETF,fund,us,NYSE,
ECH,iShares MSCI Chile ETF,fund,us,CBOE,
BAB,Invesco Taxable Municipal Bond ETF,fund,us,AMEX,
NYF,iShares New York Muni Bond ETF,fund,us,AMEX,
DDWM,WisdomTree Dynamic International Equity Fund,fund,us,CBOE,
LDUR,PIMCO Enhanced Low Duration Active ETF,fund,us,AMEX,
GARP,iShares MSCI USA Quality GARP ETF,fund,us,CBOE,
FMAY,FT Vest U.S. Equity Buffer Fund - May,fund,us,CBOE,
SCHQ,Schwab Long-Term U.S. Treasury ETF,fund,us,AMEX,
PEY,Invesco High Yield Equity Dividend Achievers ETF,fund,us,NASDAQ,
SFGV,Sequoia Global Value ETF,fund,us,AMEX,
FOCT,FT Vest U.S. Equity Buffer ETF - October,fund,us,CBOE,
FLBL,Franklin Senior Loan ETF Franklin Liberty Senior Loan Fund,fund,us,CBOE,
DVYE,iShares Emerging Markets Dividend ETF,fund,us,AMEX,
JHML,John Hancock Multifactor Large Cap ETF,fund,us,AMEX,
TOUS,T. Rowe Price International Equity ETF,fund,us,AMEX,
SPIP,State Street SPDR Portfolio TIPS ETF,fund,us,AMEX,
FNDB,Schwab Fundamental U.S. Broad Market ETF,fund,us,AMEX,
INCM,Franklin Income Focus ETF Income Focus ETF,fund,us,AMEX,
STRV,Strive 500 ETF,fund,us,NYSE,
ARKF,ARK Fintech Innovation ETF,fund,us,CBOE,
VCEB,Vanguard ESG U.S. Corporate Bond ETF,fund,us,CBOE,
VPLS,Vanguard Core Plus Bond ETF,fund,us,NASDAQ,
RWK,Invesco S&P MidCap 400 Revenue ETF,fund,us,AMEX,
DLS,WisdomTree International SmallCap Dividend Fund,fund,us,AMEX,
QEFA,SPDR MSCI EAFE StrategicFactors ETF,fund,us,AMEX,
SUSL,iShares ESG MSCI USA Leaders ETF,fund,us,NASDAQ,
CHAT,Roundhill Generative AI & Technology ETF,fund,us,AMEX,
IWC,iShares Micro-Cap ETF,fund,us,AMEX,
CGW,Invesco S&P Global Water Index ETF,fund,us,AMEX,
SEIV,SEI Enhanced U.S. Large Cap Value Factor ETF,fund,us,CBOE,
BUFC,AB Conservative Buffer ETF,fund,us,NASDAQ,
SEIM,SEI Enhanced U.S. Large Cap Momentum Factor ETF,fund,us,CBOE,
BBRE,JPMorgan BetaBuilders MSCI US REIT ETF,fund,us,CBOE,
CRBN,iShares MSCI ACWI Low Carbon Target ETF,fund,us,AMEX,
EIPI,FT Energy Income Partners Enhanced Income ETF,fund,us,AMEX,
PAUG,Innovator U.S. Equity Power Buffer ETF - August,fund,us,CBOE,
SMMU,PIMCO Short Term Municipal Bond Active ETF,fund,us,AMEX,
FNOV,FT Vest U.S. Equity Buffer ETF - November,fund,us,CBOE,
FGD,First Trust Dow Jones Global Select Dividend Index Fund,fund,us,AMEX,
TDTF,FlexShares iBoxx 5 Year Target Duration TIPS Index Fund,fund,us,AMEX,
NUGT,Direxion Daily Gold Miners Index Bull 2x Shares,fund,us,AMEX,
PNOV,Innovator U.S. Equity Power Buffer ETF - November,fund,us,CBOE,
BUYW,Main BuyWrite ETF,fund,us,CBOE,
WTAIF,WisdomTree Artificial Intelligence UCITS ETF USD Acc,fund,us,OTC,
EDIV,SPDR S&P Emerging Markets Dividend ETF,fund,us,AMEX,
VXX,iPath Series B S&P 500 VIX Short-Term Futures ETN,fund,us,CBOE,
CGMM,Capital Group U.S. Small and Mid Cap ETF,fund,us,AMEX,
JIVE,JPMorgan International Value ETF,fund,us,NASDAQ,
GOVI,Invesco Equal Weight 0-30 Year Treasury ETF,fund,us,NASDAQ,
BILZ,PIMCO Ultra Short Government Active Exchange-Traded Fund,fund,us,AMEX,
IBDY,iShares iBonds Dec 2033 Term Corporate ETF,fund,us,AMEX,
PSEP,Innovator U.S. Equity Power Buffer ETF - September,fund,us,CBOE,
DFAW,Dimensional World Equity ETF,fund,us,AMEX,
APIE,ActivePassive International Equity ETF,fund,us,AMEX,
FLGB,Franklin FTSE United Kingdom ETF,fund,us,AMEX,
CGSM,Capital Group Short Duration Municipal Income ETF,fund,us,AMEX,
HAUZ,DBX ETF Trust - Xtrackers International Real Estate ETF,fund,us,AMEX,
TAN,Invesco Solar ETF,fund,us,AMEX,
FMAR,FT Vest US Equity Buffer ETF - March,fund,us,CBOE,
GSID,Marketbeta INTL Equity ETF,fund,us,CBOE,
FAPR,FT Vest U.S. Equity Buffer ETF - April,fund,us,CBOE,
AVIV,Avantis International Large Cap Value ETF,fund,us,AMEX,
IBTJ,iShares iBonds Dec 2029 Term Treasury ETF,fund,us,NASDAQ,
VOTE,TCW Transform 500 ETF,fund,us,NASDAQ,
USO,United States Oil Fund LP,fund,us,AMEX,
FXH,First Trust Health Care AlphaDEX Fund,fund,us,AMEX,
NXUS,NuShares ETF Trust Nuveen International Aggregate Bond ETF,fund,us,AMEX,
APCB,ActivePassive Core Bond ETF,fund,us,AMEX,
IETC,iShares U.S. Tech Independence Focused ETF,fund,us,CBOE,
IVES,Dan IVES Wedbush AI Revolution ETF,fund,us,AMEX,
QDTE,Roundhill Innovation-100 0DTE Covered Call Strategy ETF,fund,us,CBOE,
FFLC,Fidelity Fundamental Large Cap Core ETF,fund,us,CBOE,
PMBS,PIMCO Mortgage-Backed Securities Active Exchange-Traded Fund,fund,us,NASDAQ,
OUSM,ALPS O'Shares US Small-Cap Quality Dividend ETF,fund,us,CBOE,
UGL,ProShares Ultra Gold,fund,us,AMEX,
KXI,iShares Global Consumer Staples ETF,fund,us,AMEX,
TGRW,T. Rowe Price Growth Stock ETF,fund,us,AMEX,
TGRT,T. Rowe Price Growth ETF,fund,us,AMEX,
PCRB,Putnam ESG Core Bond ETF,fund,us,AMEX,
IQDF,FlexShares International Quality Dividend Index Fund,fund,us,AMEX,
CORB,AB Core Bond ETF,fund,us,AMEX,
PID,Invesco International Dividend Achievers ETF,fund,us,NASDAQ,
FMHI,First Trust Municipal High Income ETF,fund,us,NASDAQ,
PSI,Invesco Semiconductors ETF,fund,us,AMEX,
METU,Direxion Daily META Bull 2X Shares,fund,us,NASDAQ,
CONY,YieldMax COIN Option Income Strategy ETF,fund,us,AMEX,
DFSI,Dimensional International Sustainability Core 1 ETF,fund,us,AMEX,
FYX,First Trust Small Cap Core AlphaDEX Fund,fund,us,NASDAQ,
PDEC,Innovator U.S. Equity Power Buffer ETF - December,fund,us,CBOE,
SMIN,iShares MSCI India Small Cap ETF,fund,us,CBOE,
IMCV,iShares Morningstar Mid-Cap Value ETF,fund,us,NASDAQ,
DUSA,Davis Select U.S. Equity ETF,fund,us,CBOE,
XLSR,State Street US Sector Rotation ETF,fund,us,AMEX,
EXI,iShares Global Industrials ETF,fund,us,AMEX,
IHAK,iShares Cybersecurity & Tech ETF,fund,us,AMEX,
PCEF,Invesco CEF Income Composite ETF,fund,us,AMEX,
RDIV,Invesco S&P Ultra Dividend Revenue ETF,fund,us,AMEX,
PWRD,TCW Transform Systems ETF,fund,us,NASDAQ,
JHMD,John Hancock Multifactor Developed International ETF,fund,us,AMEX,
SYFI,AB Short Duration High Yield ETF,fund,us,AMEX,
AVES,Avantis Emerging Markets Value ETF,fund,us,AMEX,
SYLD,Cambria Shareholder Yield ETF,fund,us,CBOE,
AGGY,WisdomTree Yield Enhanced U.S. Aggregate Bond Fund,fund,us,AMEX,
YINN,Direxion Daily FTSE China Bull 3X Shares,fund,us,AMEX,
QAI,NYLI Hedge Multi-Strategy Tracker ETF,fund,us,AMEX,
PICK,iShares MSCI Global Metals & Mining Producers ETF,fund,us,CBOE,
PLDR,Putnam Sustainable Leaders ETF,fund,us,AMEX,
EWS,iShares MSCI Singapore ETF,fund,us,AMEX,
ONEY,State Street SPDR Russell 1000 Yield Focus ETF,fund,us,AMEX,
JCPI,JPMorgan Inflation Managed Bond ETF,fund,us,CBOE,
IXP,iShares Global Comm Services ETF,fund,us,AMEX,
BTCI,NEOS Bitcoin High Income ETF,fund,us,CBOE,
BSCX,Invesco BulletShares 2033 Corporate Bond ETF,fund,us,NASDAQ,
VTWV,Vanguard Russell 2000 Value ETF,fund,us,NASDAQ,
FFSM,Fidelity Fundamental Small-Mid Cap ETF,fund,us,CBOE,
PSK,State Street SPDR ICE Preferred Securities ETF,fund,us,AMEX,
AVLC,Avantis U.S. Large Cap Equity ETF,fund,us,AMEX,
OUSA,ALPS O'Shares U.S. Quality Dividend ETF,fund,us,CBOE,
VIOG,Vanguard S&P Small-Cap 600 Growth ETF,fund,us,AMEX,
REZ,iShares Residential and Multisector Real Estate ETF,fund,us,AMEX,
THYF,T. Rowe Price U.S. High Yield ETF,fund,us,AMEX,
EVSD,Eaton Vance Short Duration Income ETF,fund,us,NASDAQ,
UYG,ProShares Ultra Financials,fund,us,AMEX,
PAPR,Innovator U.S. Equity Power Buffer ETF - April,fund,us,CBOE,
PALL,abrdn Physical Palladium Shares ETF,fund,us,AMEX,
XTEN,BondBloxx Bloomberg Ten Year Target Duration US Treasury ETF,fund,us,AMEX,
ROM,ProShares Ultra Technology,fund,us,AMEX,
EZM,WisdomTree U.S. MidCap Fund,fund,us,AMEX,
DPST,Direxion Daily Regional Banks Bull 3X Shares,fund,us,AMEX,
PGF,Invesco Financial Preferred ETF,fund,us,AMEX,
OAKM,Oakmark U.S. Large Cap ETF,fund,us,AMEX,
CGIC,Capital Group International Core Equity ETF,fund,us,AMEX,
CLOZ,Eldridge BBB-B CLO ETF,fund,us,AMEX,
XBIL,US Treasury 6 Month Bill ETF,fund,us,NASDAQ,
EVMO,Eaton Vance Mortgage Opportunities ETF,fund,us,AMEX,
DGCB,Dimensional Global Credit ETF,fund,us,NASDAQ,
SEIE,SEI Select International Equity ETF,fund,us,NASDAQ,
DBA,Invesco DB Agriculture Fund,fund,us,AMEX,
XMLV,Invesco S&P MidCap Low Volatility ETF,fund,us,AMEX,
DSPY,Tema S&P 500 Historical Weight ETF Strategy,fund,us,AMEX,
GWX,SPDR S&P International Small Cap ETF,fund,us,AMEX,
EWX,SPDR S&P Emerging Markets Small Cap ETF,fund,us,AMEX,
ISCG,iShares Morningstar Small-Cap Growth ETF,fund,us,AMEX,
YMAX,YieldMax Universe Fund of Option Income ETFs,fund,us,AMEX,
PFEB,Innovator U.S. Equity Power Buffer ETF - February,fund,us,CBOE,
FTQI,First Trust Nasdaq BuyWrite Income ETF,fund,us,NASDAQ,
TBUX,T. Rowe Price Ultra Short-Term Bond ETF,fund,us,AMEX,
ARGT,Global X MSCI Argentina ETF,fund,us,AMEX,
IHF,iShares U.S. Healthcare Providers ETF,fund,us,AMEX,
ABFL,Abacus FCF Leaders ETF,fund,us,CBOE,
PNQI,Invesco NASDAQ Internet ETF,fund,us,NASDAQ,
JETS,U.S. Global Jets ETF,fund,us,AMEX,
CSHI,NEOS Enhanced Income 1-3 Month T-Bill ETF,fund,us,AMEX,
RSPH,Invesco S&P 500 Equal Weight Health Care ETF,fund,us,AMEX,
FEGE,First Eagle Global Equity ETF,fund,us,NYSE,
RGEF,Rockefeller Global Equity ETF,fund,us,AMEX,
PFM,Invesco Dividend Achievers ETF,fund,us,NASDAQ,
BUFF,Innovator Laddered Allocation Power Buffer ETF,fund,us,CBOE,
LABU,Direxion Daily S&P Biotech Bull 3X Shares,fund,us,AMEX,
WSML,iShares MSCI World Small-Cap ETF,fund,us,NASDAQ,
NUKZ,Range Nuclear Renaissance Index ETF,fund,us,AMEX,
CARY,Angel Oak Income ETF,fund,us,NASDAQ,
IYT,iShares US Transportation ETF,fund,us,CBOE,
GGLL,Direxion Daily GOOGL Bull 2X Shares,fund,us,NASDAQ,
IQDG,WisdomTree International Quality Dividend Growth Fund,fund,us,CBOE,
AUSF,Global X Adaptive U.S. Factor ETF,fund,us,AMEX,
BBEM,JPMorgan BetaBuilders Emerging Markets Equity ETF,fund,us,CBOE,
PJUN,Innovator U.S. Equity Power Buffer ETF - June,fund,us,CBOE,
JSMD,Janus Henderson Small/Mid Cap Growth Alpha ETF,fund,us,NASDAQ,
NANR,SPDR S&P North American Natural Resources ETF,fund,us,AMEX,
BUFZ,FT Vest Laddered Moderate Buffer ETF,fund,us,CBOE,
KAT,Scharf ETF,fund,us,NASDAQ,
AOK,iShares Core 30/70 Conservative Allocation ETF,fund,us,AMEX,
LTPZ,PIMCO 15+ Year US TIPS Index Exchange-Traded Fund,fund,us,AMEX,
TPYP,Tortoise North American Pipeline Fund,fund,us,NYSE,
CDC,VictoryShares US EQ Income Enhanced Volatility Wtd ETF,fund,us,NASDAQ,
WCMI,First Trust WCM International Equity ETF,fund,us,AMEX,
INDY,iShares India 50 ETF,fund,us,NASDAQ,
SPEU,SPDR Portfolio Europe ETF,fund,us,AMEX,
TSME,Thrivent Small-Mid Cap Equity ETF,fund,us,AMEX,
GIGB,Goldman Sachs Access Investment Grade Corporate Bond ETF,fund,us,AMEX,
FLHY,Franklin High Yield Corporate ETF,fund,us,CBOE,
RSMC,Rockefeller U.S. Small-Mid Cap ETF,fund,us,AMEX,
BGDV,Bahl & Gaynor Dividend ETF,fund,us,AMEX,
SOXQ,Invesco PHLX Semiconductor ETF,fund,us,NASDAQ,
IHE,iShares U.S. Pharmaceuticals ETF,fund,us,AMEX,
VCRM,Vanguard Core Tax-Exempt Bond ETF,fund,us,CBOE,
QQQJ,Invesco NASDAQ Next Gen 100 ETF,fund,us,NASDAQ,
EUSB,iShares ESG Advanced Universal USD Bond ETF,fund,us,AMEX,
AVSF,Avantis Short-Term Fixed Income ETF,fund,us,AMEX,
DWAS,Invesco Dorsey Wright SmallCap Momentum ETF,fund,us,NASDAQ,
VFVA,Vanguard U.S. Value Factor ETF,fund,us,CBOE,
IYM,iShares U.S. Basic Materials ETF,fund,us,AMEX,
KOKU,Xtrackers MSCI Kokusai Equity ETF,fund,us,AMEX,
MODL,VictoryShares WestEnd U.S. Sector ETF,fund,us,NASDAQ,
EMCS,Xtrackers MSCI Emerging Markets Climate Selection ETF,fund,us,AMEX,
BSJR,Invesco BulletShares 2027 High Yield Corporate Bond ETF,fund,us,NASDAQ,
FDT,First Trust Developed Markets ex-US AlphaDEX Fund,fund,us,NASDAQ,
DOL,WisdomTree True Developed International Fund,fund,us,AMEX,
HLAL,Wahed FTSE USA Shariah ETF,fund,us,NASDAQ,
XONE,BondBloxx Bloomberg One Year Target Duration US Treasury ETF,fund,us,AMEX,
GCOR,Goldman Sachs Access U.S. Aggregate Bond ETF,fund,us,AMEX,
QLC,FlexShares US Quality Large Cap Index Fund,fund,us,CBOE,
ISHG,iShares 1-3 Year International Treasury Bond ETF,fund,us,NASDAQ,
EWH,iShares MSCI Hong Kong ETF,fund,us,AMEX,
IUS,Invesco RAFI Strategic US ETF,fund,us,NASDAQ,
BITU,ProShares Ultra Bitcoin ETF,fund,us,AMEX,
KSA,iShares MSCI Saudi Arabia ETF,fund,us,AMEX,
UDOW,ProShares UltraPro Dow30,fund,us,AMEX,
LGOV,First Trust Long Duration Opportunities ETF,fund,us,AMEX,
KIE,State Street SPDR S&P Insurance ETF,fund,us,AMEX,
GSSC,TR Activebeta US Small Cap Equity ETF,fund,us,AMEX,
SYSB,iShares Systematic Bond ETF,fund,us,CBOE,
FLTW,Franklin FTSE Taiwan ETF,fund,us,AMEX,
ALLW,SPDR Bridgewater All Weather ETF,fund,us,NASDAQ,
NBCR,Neuberger Berman Core Equity ETF,fund,us,AMEX,
FLIA,Franklin International Aggregate Bond ETF,fund,us,CBOE,
EQAL,Invesco Russell 1000 Equal Weight ETF,fund,us,AMEX,
AVRE,Avantis Real Estate ETF,fund,us,AMEX,
RSPN,Invesco S&P 500 Equal Weight Industrials ETF,fund,us,AMEX,
SDVD,FT Vest SMID Rising Dividend Achievers Target Income ETF,fund,us,CBOE,
PTRB,PGIM Total Return Bond ETF,fund,us,AMEX,
MLN,VanEck Long Muni ETF,fund,us,CBOE,
HNDL,Strategy Shares Nasdaq 7HANDL Index ETF,fund,us,NASDAQ,
GII,SPDR S&P Global Infrastructure ETF,fund,us,AMEX,
FTNY,Franklin New York Municipal Income ETF,fund,us,AMEX,
BBHY,JPMorgan BetaBuilders USD High Yield Corporate Bond ETF,fund,us,CBOE,
KORP,American Century Diversified Corporate Bond ETF,fund,us,AMEX,
LRGC,AB US Large Cap Strategic Equities ETF,fund,us,AMEX,
TUA,Simplify Short Term Treasury Futures Strategy ETF,fund,us,AMEX,
ULST,State Street Ultra Short Term Bond ETF,fund,us,AMEX,
MSSM,Morgan Stanley Pathway Small-Mid Cap Equity ETF,fund,us,AMEX,
SCHJ,Schwab 1-5 Year Corporate Bond ETF,fund,us,AMEX,
EWI,iShares MSCI Italy ETF,fund,us,AMEX,
OSCV,Opus Small Cap Value ETF,fund,us,CBOE,
DMBS,DoubleLine Mortgage ETF,fund,us,AMEX,
HMOP,Hartford Municipal Opportunities ETF,fund,us,AMEX,
YYY,Amplify CEF High Income ETF,fund,us,AMEX,
DIV,Global X SuperDividend US ETF,fund,us,AMEX,
OMAH,VistaShares Target 15 Berkshire Select Income ETF,fund,us,AMEX,
SVOL,Simplify Volatility Premium ETF,fund,us,AMEX,
FDMO,Fidelity Momentum Factor ETF,fund,us,AMEX,
IMFL,Invesco International Developed Dynamic Multifactor ETF,fund,us,CBOE,
DMXF,iShares ESG Advanced MSCI EAFE ETF,fund,us,NASDAQ,
JHEM,John Hancock Multifactor Emerging Markets ETF,fund,us,AMEX,
NBSD,Neuberger Berman Short Duration Income ETF,fund,us,AMEX,
CVLC,Calvert US Large-Cap Core Responsible Index ETF,fund,us,AMEX,
QQH,HCM Defender 100 Index ETF,fund,us,AMEX,
AVGE,Avantis All Equity Markets ETF,fund,us,AMEX,
PSQ,ProShares Short QQQ,fund,us,AMEX,
SIXG,Defiance Connective Technologies ETF,fund,us,NASDAQ,
GSPY,Gotham Enhanced 500 ETF,fund,us,AMEX,
DBEU,Xtrackers MSCI Europe Hedged Equity ETF,fund,us,AMEX,
SKOR,FlexShares Credit-Scored US Corporate Bond Index Fund,fund,us,NASDAQ,
FDRR,Fidelity Dividend ETF for Rising Rates,fund,us,AMEX,
FYC,First Trust Small Cap Growth AlphaDEX Fund,fund,us,NASDAQ,
VUSE,Vident U.S. Equity Strategy ETF,fund,us,AMEX,
HEZU,iShares Currency Hedged MSCI Eurozone ETF,fund,us,AMEX,
ROBT,First Trust Nasdaq Artificial Intelligence & Robotics ETF,fund,us,NASDAQ,
FDD,First Trust Stoxx European Select Dividend Index Fund,fund,us,AMEX,
RLY,State Street Multi-Asset Real Return ETF,fund,us,AMEX,
FIIG,First Trust Intermediate Duration Investment Grade Corporate ETF,fund,us,AMEX,
EYLD,Cambria Emerging Shareholder Yield ETF,fund,us,CBOE,
IGE,iShares North American Natural Resources ETF,fund,us,CBOE,
PMAY,Innovator U.S. Equity Power Buffer ETF - May,fund,us,CBOE,
FTCA,Franklin California Municipal Income ETF,fund,us,AMEX,
PMAR,Innovator U.S. Equity Power Buffer ETF - March,fund,us,CBOE,
NUDM,Nuveen ESG International Developed Markets Equity ETF,fund,us,CBOE,
PHYL,PGIM Active High Yield Bond ETF,fund,us,AMEX,
DWM,WisdomTree International Equity Fund,fund,us,AMEX,
MFSI,MFS Active International ETF,fund,us,NYSE,
BALI,iShares U.S. Large Cap Premium Income Active ETF,fund,us,CBOE,
BSJP,Invesco BulletShares 2025 High Yield Corporate Bond ETF,fund,us,NASDAQ,
REM,iShares Mortgage Real Estate ETF,fund,us,CBOE,
SMDV,ProShares Russell 2000 Dividend Growers ETF,fund,us,CBOE,
JHSC,John Hancock Multifactor Small Cap ETF,fund,us,AMEX,
INFO,Harbor PanAgora Dynamic Large Cap Core ETF,fund,us,AMEX,
UVXY,ProShares Ultra VIX Short-Term Futures ETF,fund,us,CBOE,
IXG,iShares Global Financials ETF,fund,us,AMEX,
IWLG,NYLI Winslow Large Cap Growth ETF,fund,us,AMEX,
FHEQ,Fidelity Hedged Equity ETF,fund,us,CBOE,
DTCR,Global X Data Center And Digital Infrastructure ETF,fund,us,NASDAQ,
ZALT,Innovator U.S. Equity 10 Buffer ETF - Quarterly,fund,us,CBOE,
EES,WisdomTree U.S. SmallCap Fund,fund,us,AMEX,
NVDU,Direxion Daily NVDA Bull 2X Shares,fund,us,NASDAQ,
NVDX,T-Rex 2X Long NVIDIA Daily Target ETF,fund,us,CBOE,
BKDV,BNY Mellon Dynamic Value ETF,fund,us,AMEX,
DFSB,Dimensional Global Sustainability Fixed Income ETF,fund,us,AMEX,
IGPT,Invesco AI and Next Gen Software ETF,fund,us,AMEX,
IBTK,iShares iBonds Dec 2030 Term Treasury ETF,fund,us,NASDAQ,
IYZ,iShares U.S. Telecommunications ETF,fund,us,CBOE,
ILTB,iShares Core 10+ Year USD Bond ETF,fund,us,AMEX,
XEMD,BondBloxx JP Morgan USD Emerging Markets 1-10 Year Bond ETF,fund,us,CBOE,
HEGD,Swan Hedged Equity US Large Cap ETF,fund,us,CBOE,
CMDT,PIMCO Commodity Strategy Active Exchange-Traded Fund,fund,us,AMEX,
DBND,DoubleLine Opportunistic Core Bond ETF,fund,us,AMEX,
COMT,iShares U.S. ETF Trust iShares GSCI Commodity Dynamic Roll Strategy ETF,fund,us,NASDAQ,
CERY,SPDR Bloomberg Enhanced Roll Yield Commodity Strategy No K-1 ETF,fund,us,AMEX,
AQEC,AQE Core ETF,fund,us,CBOE,
LVHD,Franklin U.S. Low Volatility High Dividend Index ETF,fund,us,NASDAQ,
IBMP,iShares iBonds Dec 2027 Term Muni Bond ETF,fund,us,CBOE,
AGZ,iShares Agency Bond ETF,fund,us,AMEX,
LEMB,iShares J.P. Morgan EM Local Currency Bond ETF,fund,us,AMEX,
DFCA,Dimensional California Municipal Bond ETF,fund,us,AMEX,
BKMC,BNY Mellon US Mid Cap Core Equity ETF,fund,us,AMEX,
FLRT,Pacer Aristotle Pacific Floating Rate High Income ETF,fund,us,AMEX,
AMDL,GraniteShares 2x Long AMD Daily ETF,fund,us,NASDAQ,
ONEV,State Street SPDR Russell 1000 Low Volatility Focus ETF,fund,us,AMEX,
PLTY,YieldMax PLTR Option Income Strategy ETF,fund,us,AMEX,
PBW,Invesco WilderHill Clean Energy ETF,fund,us,AMEX,
VNM,VanEck Vietnam ETF,fund,us,CBOE,
SGDM,Sprott Gold Miners ETF,fund,us,AMEX,
MSOS,AdvisorShares Pure US Cannabis ETF,fund,us,AMEX,
GFLW,VictoryShares Free Cash Flow Growth ETF,fund,us,NASDAQ,
CAOS,Alpha Architect Tail Risk ETF,fund,us,CBOE,
TLTD,FlexShares Morningstar Developed Markets ex-US Factor Tilt Index Fund,fund,us,AMEX,
FLCO,Franklin Investment Grade Corporate ETF,fund,us,AMEX,
LSGR,Natixis Loomis Sayles Focused Growth ETF,fund,us,AMEX,
UNG,United States Natural Gas Fund LP,fund,us,AMEX,
QJUN,FT Vest Nasdaq-100 Buffer ETF - June,fund,us,CBOE,
LQDH,iShares Interest Rate Hedged Corporate Bond ETF,fund,us,AMEX,
MOO,VanEck Agribusiness ETF,fund,us,AMEX,
FEPI,REX FANG & Innovation Equity Premium Income ETF,fund,us,NASDAQ,
EZA,iShares MSCI South Africa ETF,fund,us,AMEX,
XSVM,Invesco S&P SmallCap Value with Momentum ETF,fund,us,AMEX,
FTMH,Franklin Municipal High Yield ETF,fund,us,AMEX,
FLSP,Franklin Systematic Style Premia ETF,fund,us,AMEX,
BBSC,JPMorgan BetaBuilders U.S. Small Cap Equity Fund,fund,us,AMEX,
LGH,HCM Defender 500 Index ETF,fund,us,AMEX,
SLVP,iShares MSCI Global Silver Miners ETF,fund,us,CBOE,
RPAR,RPAR Risk Parity ETF,fund,us,AMEX,
TOTR,T. Rowe Price Total Return ETF,fund,us,AMEX,
EBI,Longview Advantage ETF,fund,us,NASDAQ,
GSEP,FT Vest U.S. Equity Moderate Buffer ETF - September,fund,us,CBOE,
IBMO,iShares iBonds Dec 2026 Term Muni Bond ETF,fund,us,CBOE,
SSUS,Strategy Shares Day Hagan Smart Sector ETF,fund,us,AMEX,
GXUS,Goldman Sachs MarketBeta Total International Equity ETF,fund,us,AMEX,
TAXF,American Century Diversified Municipal Bond ETF,fund,us,AMEX,
ISCV,iShares Morningstar Small Cap Value ETF,fund,us,AMEX,
EVSM,Eaton Vance Short Duration Municipal Income ETF,fund,us,AMEX,
HYBL,State Street Blackstone High Income ETF,fund,us,CBOE,
HCMT,Direxion HCM Tactical Enhanced US ETF,fund,us,AMEX,
IBMQ,iShares iBonds Dec 2028 Term Muni Bond ETF,fund,us,CBOE,
SFY,SoFi Select 500 ETF,fund,us,AMEX,
PTIR,GraniteShares 2x Long PLTR Daily ETF,fund,us,NASDAQ,
PTL,Inspire 500 ETF,fund,us,AMEX,
VLU,State Street SPDR S&P 1500 Value Tilt ETF,fund,us,AMEX,
JVAL,JPMorgan U.S. Value Factor ETF US Value Factor Fund,fund,us,AMEX,
BSJS,Invesco BulletShares 2028 High Yield Corporate Bond ETF,fund,us,NASDAQ,
OCTW,AllianzIM U.S. Large Cap Buffer20 Oct ETF,fund,us,AMEX,
IBDZ,iShares iBonds Dec 2034 Term Corporate ETF,fund,us,AMEX,
KCE,State Street SPDR S&P Capital Markets ETF,fund,us,AMEX,
PSFF,Pacer Swan SOS Fund of Funds ETF,fund,us,CBOE,
IAK,iShares U.S. Insurance ETF,fund,us,AMEX,
EQL,Alps Equal Sector Weight ETF,fund,us,AMEX,
IDVO,Amplify CWP International Enhanced Dividend Income ETF,fund,us,AMEX,
IAT,iShares U.S. Regional Banks ETF,fund,us,AMEX,
EMHY,iShares J.P. Morgan EM High Yield Bond ETF,fund,us,CBOE,
FLCA,Franklin FTSE Canada ETF,fund,us,AMEX,
BASG,Brown Advisory Sustainable Growth ETF,fund,us,NASDAQ,
RSPU,Invesco S&P 500 Equal Weight Utilities ETF,fund,us,AMEX,
OSEA,Harbor International Compounders ETF,fund,us,AMEX,
LSVD,LSV Disciplined Value ETF,fund,us,AMEX,
CONL,GraniteShares 2x Long COIN Daily ETF,fund,us,NASDAQ,
MUST,Columbia Multi-Sector Municipal Income ETF,fund,us,AMEX,
TNGY,Tortoise Energy Fund,fund,us,NYSE,
IDHQ,Invesco S&P International Developed High Quality ETF,fund,us,AMEX,
BSOL,Bitwise Solana Staking ETF,fund,us,AMEX,
CXSE,WisdomTree China ex-State-Owned Enterprises Fund,fund,us,NASDAQ,
ISCF,iShares International SmallCap Equity Factor ETF,fund,us,AMEX,
QCLN,First Trust Nasdaq Clean Edge Green Energy Index Fund,fund,us,NASDAQ,
BTCO,Invesco Galaxy Bitcoin ETF,fund,us,CBOE,
NAIL,Direxion Daily Homebuilders & Supplies Bull 3X Shares,fund,us,AMEX,
FDV,Federated Hermes U.S. Strategic Dividend ETF,fund,us,AMEX,
ROUS,Hartford Multifactor US Equity ETF,fund,us,AMEX,
CFA,VictoryShares US 500 Volatility Wtd ETF,fund,us,NASDAQ,
TVAL,T. Rowe Price Value ETF,fund,us,AMEX,
QDEC,FT Vest Nasdaq-100 Buffer ETF - December,fund,us,CBOE,
BRRR,Coinshares Bitcoin ETF,fund,us,NASDAQ,
WTAI,WisdomTree Artificial Intelligence and Innovation Fund,fund,us,CBOE,
EZBC,Franklin Bitcoin ETF,fund,us,CBOE,
VGUS,Vanguard Ultra-Short Treasury ETF,fund,us,NASDAQ,
FSMB,First Trust Short Duration Managed Municipal ETF,fund,us,AMEX,
HEWJ,iShares Currency Hedged MSCI Japan ETF,fund,us,AMEX,
EIS,iShares MSCI Israel ETF,fund,us,AMEX,
LONZ,PIMCO Senior Loan Active Exchange-Traded Fund,fund,us,AMEX,
SEIQ,SEI Enhanced U.S. Large Cap Quality Factor ETF,fund,us,CBOE,
FFLG,Fidelity Fundamental Large Cap Growth ETF,fund,us,CBOE,
GDLC,Grayscale CoinDesk Crypto 5 ETF,fund,us,AMEX,
CMBS,iShares CMBS ETF,fund,us,AMEX,
WPAY,Roundhill WeeklyPay Universe ETF,fund,us,CBOE,
DTH,WisdomTree International High Dividend Fund,fund,us,AMEX,
ELM,Elm Market Navigator ETF,fund,us,AMEX,
RAA,SMI 3Fourteen REAL Asset Allocation ETF,fund,us,NASDAQ,
SIXH,ETC 6 Meridian Hedged Equity Index Option ETF,fund,us,AMEX,
DWX,SPDR S&P International Dividend ETF,fund,us,AMEX,
VBND,Vident U.S. Bond Strategy ETF,fund,us,AMEX,
SCEC,Sterling Capital Enhanced Core Bond ETF,fund,us,CBOE,
USSG,Xtrackers MSCI USA Selection Equity ETF,fund,us,AMEX,
BBHM,BBH Select Mid Cap ETF,fund,us,AMEX,
JUST,Goldman Sachs JUST U.S. Large Cap Equity ETF,fund,us,AMEX,
JPSE,JPMorgan Diversified Return U.S. Small Cap Equity ETF,fund,us,AMEX,
FTMU,Franklin Municipal Income ETF,fund,us,AMEX,
PFLD,AAM Low Duration Preferred and Income Securities ETF,fund,us,AMEX,
IBTM,iShares iBonds Dec 2032 Term Treasury ETF,fund,us,NASDAQ,
PIZ,Invesco Dorsey Wright Developed Markets Momentum ETF,fund,us,NASDAQ,
GXC,SPDR S&P China ETF,fund,us,AMEX,
QSPT,FT Vest Nasdaq-100 Buffer ETF - September,fund,us,CBOE,
RSPA,Invesco S&P 500 Equal Weight Income Advantage ETF,fund,us,AMEX,
QDEF,FlexShares Quality Dividend Defensive Index Fund,fund,us,AMEX,
DFSE,Dimensional Emerging Markets Sustainability Core 1 ETF,fund,us,AMEX,
EWJV,iShares MSCI Japan Value ETF,fund,us,NASDAQ,
GRPM,Invesco S&P MidCap 400 GARP ETF,fund,us,AMEX,
AAUS,Alpha Architect US Equity ETF,fund,us,NASDAQ,
SMRI,Bushido Capital US Equity ETF,fund,us,NASDAQ,
MSTU,T-Rex 2X Long MSTR Daily Target ETF,fund,us,CBOE,
IDEQ,Lazard International Dynamic Equity ETF,fund,us,AMEX,
DWLD,Davis Select Worldwide ETF,fund,us,CBOE,
JPRE,JPMorgan Realty Income ETF,fund,us,AMEX,
GVIP,Goldman Sachs Hedge Industry VIP ETF,fund,us,AMEX,
DDM,ProShares Ultra Dow30,fund,us,AMEX,
FYLD,Cambria Foreign Shareholder Yield ETF,fund,us,CBOE,
XVV,iShares ESG Select Screened S&P 500 ETF,fund,us,CBOE,
UVIX,2x Long VIX Futures ETF,fund,us,CBOE,
CSM,ProShares Large Cap Core Plus,fund,us,CBOE,
QDVO,Amplify CWP Growth & Income ETF,fund,us,AMEX,
VFPAF,Vanguard FTSE Developed Asia Pacific ex Japan UCITS ETF Accum Shs USD,fund,us,OTC,
DGT,State Street SPDR Global Dow ETF,fund,us,AMEX,
FEM,First Trust Emerging Markets AlphaDEX Fund,fund,us,NASDAQ,
BBHL,BBH Select Large Cap ETF,fund,us,AMEX,
DNL,WisdomTree Global ex-U.S. Quality Growth Fund,fund,us,AMEX,
FXY,Invesco Currencyshares Japanese Yen Trust,fund,us,AMEX,
SPHB,Invesco S&P 500 High Beta ETF,fund,us,AMEX,
BIDD,iShares International Dividend Active ETF,fund,us,AMEX,
NUBD,Nuveen ESG U.S. Aggregate Bond ETF,fund,us,AMEX,
HYBB,iShares BB Rated Corporate Bond ETF,fund,us,AMEX,
NBOS,Neuberger Berman Option Strategy ETF,fund,us,AMEX,
YLD,Principal Active High Yield ETF,fund,us,AMEX,
BRNY,Burney U.S. Factor Rotation ETF,fund,us,NASDAQ,
FDHY,Fidelity Enhanced High Yield ETF,fund,us,AMEX,
IBD,Inspire Corporate Bond ETF,fund,us,AMEX,
HYGH,iShares Interest Rate Hedged High Yield Bond ETF,fund,us,AMEX,
AFLG,First Trust Active Factor Large Cap ETF,fund,us,AMEX,
CTEF,Castellan Targeted Equity ETF,fund,us,CBOE,
QMAR,FT Vest Nasdaq-100 Buffer ETF - March,fund,us,CBOE,
VGSR,Vert Global Sustainable Real Estate ETF,fund,us,NASDAQ,
PLTU,Direxion Daily PLTR Bull 2X Shares,fund,us,NASDAQ,
HYEM,VanEck Emerging Markets High Yield Bond ETF,fund,us,AMEX,
BGRN,iShares Trust iShares USD Green Bond ETF,fund,us,NASDAQ,
RXI,iShares Global Consumer Discretionary ETF,fund,us,AMEX,
STPZ,PIMCO 1-5 Year US TIPS Index Exchange-Traded Fund,fund,us,AMEX,
BOIL,ProShares Ultra Bloomberg Natural Gas,fund,us,AMEX,
GJUL,FT Vest U.S. Equity Moderate Buffer ETF - July,fund,us,CBOE,
QQA,Invesco QQQ Income Advantage ETF,fund,us,NASDAQ,
SDS,ProShares UltraShort S&P 500,fund,us,AMEX,
GDE,WisdomTree Efficient Gold Plus Equity Strategy Fund,fund,us,CBOE,
NTSI,WisdomTree International Efficient Core Fund,fund,us,AMEX,
JNUG,Direxion Daily Junior Gold Miners Index Bull 2X Shares,fund,us,AMEX,
IEO,iShares U.S. Oil & Gas Exploration & Production ETF,fund,us,CBOE,
FNY,First Trust Mid Cap Growth AlphaDEX Fund,fund,us,NASDAQ,
CDX,Simplify High Yield ETF,fund,us,AMEX,
DIAL,Columbia Diversified Fixed Income Allocation ETF,fund,us,AMEX,
TOPT,iShares Top 20 U.S. Stocks ETF,fund,us,AMEX,
EFAX,SPDR MSCI EAFE Fossil Fuel Free ETF,fund,us,AMEX,
IVOL,KraneShares Quadratic Interest Rate Volatility and Inflation Hedge ETF,fund,us,AMEX,
SPXS,Direxion Daily S&P 500 Bear 3x Shares,fund,us,AMEX,
FXE,Invesco CurrencyShares Euro Trust,fund,us,AMEX,
TECB,iShares U.S. Tech Breakthrough Multisector ETF,fund,us,AMEX,
YMAG,YieldMax Magnificent 7 Fund of Option Income ETFs,fund,us,AMEX,
SPSK,SP Funds Dow Jones Global Sukuk ETF,fund,us,AMEX,
EPOL,iShares MSCI Poland ETF,fund,us,AMEX,
IGLD,FT Vest Gold Strategy Target Income ETF,fund,us,CBOE,
IBTO,iShares iBonds Dec 2033 Term Treasury ETF,fund,us,NASDAQ,
FEOE,First Eagle Overseas Equity ETF,fund,us,NYSE,
FGDL,Franklin Responsibly Sourced Gold ETF,fund,us,AMEX,
JEMB,Janus Henderson Emerging Markets Debt Hard Currency ETF,fund,us,AMEX,
HAPI,Harbor Human Capital Factor US Large Cap ETF,fund,us,AMEX,
DBJP,Xtrackers MSCI Japan Hedged Equity ETF,fund,us,AMEX,
IBTL,iShares iBonds Dec 2031 Term Treasury ETF,fund,us,NASDAQ,
ARKX,ARK Space Exploration & Innovation ETF,fund,us,CBOE,
CAIE,Calamos Autocallable Income ETF,fund,us,AMEX,
TFLR,T. Rowe Price Floating Rate ETF,fund,us,AMEX,
LRGE,ClearBridge Large Cap Growth Select ETF,fund,us,NASDAQ,
VFQY,Vanguard U.S. Quality Factor ETF,fund,us,CBOE,
AVSU,Avantis Responsible U.S. Equity ETF,fund,us,AMEX,
DDLS,WisdomTree Dynamic International SmallCap Equity Fund,fund,us,CBOE,
IDOG,ALPS International Sector Dividend Dogs ETF,fund,us,AMEX,
SHYM,iShares Short Duration High Yield Muni Active ETF,fund,us,CBOE,
TAFM,AB Tax-Aware Intermediate Municipal ETF,fund,us,AMEX,
FCG,First Trust Natural Gas ETF,fund,us,AMEX,
XSW,State Street SPDR S&P Software & Services ETF,fund,us,AMEX,
VFMF,Vanguard U.S. Multifactor ETF,fund,us,CBOE,
RSPG,Invesco S&P 500 Equal Weight Energy ETF,fund,us,AMEX,
PMMF,iShares Prime Money Market ETF,fund,us,AMEX,
FBL,GraniteShares 2x Long META Daily ETF,fund,us,NASDAQ,
EELV,Invesco S&P Emerging Markets Low Volatility ETF,fund,us,AMEX,
KBWP,Invesco KBW Property & Casualty Insurance ETF,fund,us,NASDAQ,
DFVX,Dimensional US Large Cap Vector ETF,fund,us,AMEX,
MINO,PIMCO Municipal Income Opportunities Active Exchange-Traded Fund,fund,us,AMEX,
KBWD,Invesco KBW High Dividend Yield Financial ETF,fund,us,NASDAQ,
MDIV,Multi-Asset Diversified Income Index Fund,fund,us,NASDAQ,
WWJD,Inspire International ETF,fund,us,AMEX,
QVAL,Alpha Architect US Quantitative Value ETF,fund,us,NASDAQ,
DJUL,FT Vest U.S. Equity Deep Buffer ETF - July,fund,us,CBOE,
BKHY,BNY Mellon High Yield ETF,fund,us,AMEX,
IBHE,iShares iBonds 2025 Term High Yield & Income ETF,fund,us,CBOE,
FMAT,Fidelity MSCI Materials Index ETF,fund,us,AMEX,
QINT,American Century Quality Diversified International ETF,fund,us,AMEX,
AVNM,Avantis All International Markets Equity ETF,fund,us,AMEX,
SIXO,AllianzIM U.S. Large Cap 6 Month Buffer10 Apr/Oct ETF,fund,us,AMEX,
EIPX,FT Energy Income Partners Strategy ETF,fund,us,AMEX,
EEMS,iShares MSCI Emerging Markets Small Cap ETF,fund,us,AMEX,
ESPO,VanEck Video Gaming and eSports ETF,fund,us,NASDAQ,
SIXA,ETC 6 Meridian Mega Cap Equity ETF,fund,us,AMEX,
QFLR,Innovator Nasdaq-100 Managed Floor ETF,fund,us,AMEX,
NUMV,Nuveen ESG Mid-Cap Value ETF,fund,us,CBOE,
IPKW,Invesco International BuyBack Achievers ETF,fund,us,NASDAQ,
CFO,VictoryShares US 500 Enhanced Volatility Wtd ETF,fund,us,NASDAQ,
PHB,Invesco Fundamental High Yield Corporate Bond ETF,fund,us,AMEX,
BDBT,Bluemonte Core Bond ETF,fund,us,AMEX,
SRVR,Pacer Data & Infrastructure Real Estate ETF,fund,us,AMEX,
RSSB,Return Stacked Global Stocks & Bonds ETF,fund,us,CBOE,
CEMB,iShares J.P. Morgan EM Corporate Bond ETF,fund,us,CBOE,
NXTG,First Trust Indxx NextG ETF,fund,us,NASDAQ,
FLDB,Fidelity Low Duration Bond ETF,fund,us,NASDAQ,
SPXU,ProShares UltraPro Short S&P500,fund,us,AMEX,
FXF,Invesco CurrencyShares Swiss Franc Trust,fund,us,AMEX,
UMI,USCF Midstream Energy Income Fund ETF,fund,us,AMEX,
UTWO,US Treasury 2 Year Note ETF,fund,us,NASDAQ,
VIDI,Vident International Equity Strategy ETF,fund,us,AMEX,
DFEB,FT Vest U.S. Equity Deep Buffer ETF - February,fund,us,CBOE,
GVUS,Marketbeta Russell 1000 Value Equity ETF,fund,us,AMEX,
SFLO,VictoryShares Small Cap Free Cash Flow ETF,fund,us,NASDAQ,
ICLO,Invesco AAA CLO Floating Rate Note ETF,fund,us,CBOE,
BWZ,SPDR Bloomberg Short Term International Treasury Bond ETF,fund,us,AMEX,
MFDX,PIMCO RAFI Dynamic Multi-Factor International Equity ETF,fund,us,AMEX,
GMAR,FT Vest U.S. Equity Moderate Buffer ETF - March,fund,us,CBOE,
JPUS,JPMorgan Diversified Return Use Equity,fund,us,AMEX,
NUMG,Nuveen ESG Mid-Cap Growth ETF,fund,us,CBOE,
GMF,SPDR S&P Emerging Asia Pacific ETF,fund,us,AMEX,
SGVT,Schwab Government Money Market ETF,fund,us,AMEX,
CCNR,ALPS CoreCommodity Natural Resources ETF,fund,us,NASDAQ,
AMZA,InfraCap MLP ETF,fund,us,AMEX,
IBND,SPDR Bloomberg International Corporate Bond ETF,fund,us,AMEX,
IBHG,iShares iBonds 2027 Term High Yield and Income ETF,fund,us,CBOE,
GGUS,Marketbeta Russell 1000 Growth Equity ETF,fund,us,AMEX,
BLUX,Bluemonte Dynamic Total Market ETF,fund,us,AMEX,
EWQ,iShares MSCI France ETF,fund,us,AMEX,
CAFX,Congress Intermediate Bond ETF,fund,us,AMEX,
SHYD,VanEck Short High Yield Muni ETF,fund,us,CBOE,
GNMA,iShares GNMA Bond ETF,fund,us,NASDAQ,
XBB,BondBloxx BB-Rated USD High Yield Corporate Bond ETF,fund,us,AMEX,
BBH,VanEck Biotech ETF,fund,us,NASDAQ,
PTMC,Pacer Trendpilot US Mid Cap ETF,fund,us,CBOE,
AVSD,Avantis Responsible International Equity ETF,fund,us,AMEX,
BTAL,AGF U.S. Market Neutral Anti-Beta Fund,fund,us,AMEX,
UCO,ProShares Ultra Bloomberg Crude Oil,fund,us,AMEX,
PFUT,Putnam Sustainable Future ETF,fund,us,AMEX,
XOVR,ERShares Private-Public Crossover ETF,fund,us,NASDAQ,
EMQQ,EMQQ The Emerging Markets Internet ETF,fund,us,AMEX,
AIVL,WisdomTree U.S. AI Enhanced Value Fund,fund,us,AMEX,
USDX,SGI Enhanced Core ETF,fund,us,NASDAQ,
DOCT,FT Vest U.S. Equity Deep Buffer ETF - October,fund,us,CBOE,
CSMD,Congress SMid Growth ETF,fund,us,AMEX,
SWAN,Amplify BlackSwan Growth & Treasury Core ETF,fund,us,AMEX,
LRGG,Macquarie Focused Large Growth ETF,fund,us,AMEX,
AIPI,REX AI Equity Premium Income ETF,fund,us,NASDAQ,
IBMN,iShares iBonds Dec 2025 Term Muni Bond ETF,fund,us,CBOE,
IWMI,NEOS Russell 2000 High Income ETF,fund,us,CBOE,
JPEM,JPMorgan Diversified Return Emerging Markets Equity ETF,fund,us,AMEX,
TSLT,T-REX 2X Long Tesla Daily Target ETF,fund,us,CBOE,
TMFG,Motley Fool Global Opportunities ETF,fund,us,CBOE,
BSJT,Invesco BulletShares 2029 High Yield Corporate Bond ETF,fund,us,NASDAQ,
TBFG,Brinsmere Fund Growth ETF,fund,us,AMEX,
IDUB,Aptus International Enhanced Yield,fund,us,CBOE,
JPME,JPMorgan Diversified Return U.S. Mid Cap Equity ETF,fund,us,AMEX,
MDAA,Myriad Dynamic Asset Allocation ETF,fund,us,AMEX,
BUCK,Simplify Treasury Option Income ETF,fund,us,AMEX,
IBHH,iShares iBonds 2028 Term High Yield and Income ETF,fund,us,CBOE,
USMF,WisdomTree U.S. Multifactor Fund,fund,us,CBOE,
MMIN,NYLI MacKay Muni Insured ETF,fund,us,AMEX,
GVAL,Cambria Global Value ETF,fund,us,CBOE,
XDTE,Roundhill S&P 500 0DTE Covered Call Strategy ETF,fund,us,CBOE,
GUSE,Goldman Sachs Enhanced U.S. Equity ETF,fund,us,NASDAQ,
JPIN,JPMorgan Diversified Return International Equity ETF,fund,us,AMEX,
FISR,State Street Fixed Income Sector Rotation ETF,fund,us,AMEX,
AGOX,Adaptive Alpha Opportunities ETF,fund,us,AMEX,
RUNN,Running Oak Efficient Growth ETF,fund,us,NASDAQ,
SIZE,iShares MSCI USA Size Factor ETF,fund,us,AMEX,
VSLU,Applied Finance Valuation Large Cap ETF,fund,us,AMEX,
DJD,Invesco Dow Jones Industrial Average Dividend ETF,fund,us,AMEX,
SLVR,Sprott Silver Miners & Physical Silver ETF,fund,us,NASDAQ,
DMAR,FT Vest US Equity Deep Buffer ETF - March,fund,us,CBOE,
PDN,Invesco RAFI Developed Markets ex-U.S. Small-Mid ETF,fund,us,AMEX,
BGIG,Bahl & Gaynor Income Growth ETF,fund,us,AMEX,
XFIV,BondBloxx Bloomberg Five Year Target Duration US Treasury ETF,fund,us,AMEX,
BITQ,Bitwise Crypto Industry Innovators ETF,fund,us,AMEX,
QVMM,Invesco S&P MidCap 400 QVM Multi-factor ETF,fund,us,AMEX,
SOFR,Amplify Samsung SOFR ETF,fund,us,AMEX,
GQRE,FlexShares Global Quality Real Estate Index Fund,fund,us,AMEX,
DAUG,FT Vest U.S. Equity Deep Buffer ETF - August,fund,us,CBOE,
SMOT,VanEck Morningstar SMID Moat ETF,fund,us,CBOE,
CDL,VictoryShares US Large Cap High Dividend Volatility Wtd ETF,fund,us,NASDAQ,
WIP,SPDR FTSE International Government Inflation-Protected Bond ETF,fund,us,AMEX,
BSCY,Invesco BulletShares 2034 Corporate Bond ETF,fund,us,NASDAQ,
PRAE,PlanRock Alternative Growth ETF,fund,us,AMEX,
PRN,Invesco Dorsey Wright Industrials Momentum ETF,fund,us,NASDAQ,
DJAN,FT Vest US Equity Deep Buffer ETF - January,fund,us,CBOE,
HCRB,Hartford Core Bond ETF,fund,us,CBOE,
QQQH,NEOS Nasdaq 100 Hedged Equity Income ETF,fund,us,NASDAQ,
FTRB,Federated Hermes Total Return Bond ETF,fund,us,AMEX,
TBFC,Brinsmere Fund Conservative ETF,fund,us,AMEX,
APLU,Allspring Core Plus ETF,fund,us,AMEX,
BIBL,Inspire 100 ETF,fund,us,AMEX,
FAD,First Trust Multi Cap Growth AlphaDEX Fund,fund,us,NASDAQ,
PTF,Invesco Dorsey Wright Technology Momentum ETF,fund,us,NASDAQ,
SEIS,SEI Select Small Cap ETF,fund,us,NASDAQ,
FEP,First Trust Europe AlphaDEX Fund,fund,us,NASDAQ,
BBLU,EA Bridgeway Blue Chip ETF,fund,us,AMEX,
TEQI,T. Rowe Price Equity Income ETF,fund,us,AMEX,
BAPR,Innovator U.S. Equity Buffer ETF - April,fund,us,CBOE,
BKGI,BNY Mellon Global Infrastructure Income ETF,fund,us,CBOE,
DDEC,FT Vest US Equity Deep Buffer ETF - December,fund,us,CBOE,
GQGU,GQG US Equity ETF,fund,us,AMEX,
TSYY,GraniteShares YieldBOOST TSLA ETF,fund,us,NASDAQ,
FDG,American Century Focused Dynamic Growth ETF,fund,us,AMEX,
CEFS,Saba Closed End Funds ETF,fund,us,CBOE,
ACLO,TCW AAA CLO ETF,fund,us,NYSE,
ETHT,ProShares Ultra Ether ETF,fund,us,AMEX,
MORT,VanEck Mortgage REIT Income ETF,fund,us,AMEX,
NFLT,Virtus Newfleet Multi-Sector Bond ETF,fund,us,AMEX,
JMSI,JPMorgan Sustainable Municipal Income ETF,fund,us,AMEX,
DCRE,DoubleLine Commercial Real Estate ETF,fund,us,AMEX,
SFTY,Horizon Managed Risk ETF,fund,us,CBOE,
ETHW,Bitwise Ethereum ETF,fund,us,AMEX,
BUXX,Strive Enhanced Income Short Maturity ETF,fund,us,NYSE,
DSEP,FT Vest U.S. Equity Deep Buffer ETF - September,fund,us,CBOE,
DFNL,Davis Select Financial ETF,fund,us,CBOE,
GJUN,FT Vest U.S. Equity Moderate Buffer ETF - June,fund,us,CBOE,
SEEM,SEI Select Emerging Markets Equity ETF,fund,us,NASDAQ,
DGRS,WisdomTree US Smallcap Quality Dividend Growth Fund,fund,us,NASDAQ,
HTAB,Hartford Schroders Tax-Aware Bond ETF,fund,us,AMEX,
XRT,State Street SPDR S&P Retail ETF,fund,us,AMEX,
BINV,Brandes International ETF,fund,us,CBOE,
NUEM,Nuveen ESG Emerging Markets Equity ETF,fund,us,CBOE,
IDLV,Invesco S&P International Developed Low Volatility ETF,fund,us,AMEX,
CPER,United States Copper Index Fund,fund,us,AMEX,
IBMR,iShares iBonds Dec 2029 Term Muni Bond ETF,fund,us,CBOE,
XAGG,Eaton Vance Income Opportunities ETF,fund,us,AMEX,
HEQT,Simplify Hedged Equity ETF,fund,us,AMEX,
CAML,Congress Large Cap Growth ETF,fund,us,AMEX,
TSLQ,Tradr 2X Short TSLA Daily ETF,fund,us,NASDAQ,
DNOV,FT Vest U.S. Equity Deep Buffer ETF - November,fund,us,CBOE,
CAPE,DoubleLine Shiller CAPE U.S. Equities ETF,fund,us,AMEX,
ENFR,Alerian Energy Infrastructure ETF,fund,us,AMEX,
QMOM,Alpha Architect U.S. Quantitative Momentum ETF,fund,us,NASDAQ,
HEDG,Equable Shares Hedged Equity ETF,fund,us,AMEX,
WTPI,WisdomTree Equity Premium Income Fund,fund,us,AMEX,
TZA,Direxion Daily Small Cap Bear 3x Shares,fund,us,AMEX,
QID,ProShares UltraShort QQQ,fund,us,AMEX,
BCD,abrdn Bloomberg All Commodity Longer Dated Strategy K-1 Free ETF,fund,us,AMEX,
FLTB,Fidelity Limited Term Bond ETF,fund,us,AMEX,
CARK,CastleArk Large Growth ETF,fund,us,AMEX,
URTY,ProShares UltraPro Russell2000,fund,us,AMEX,
GOCT,FT Vest U.S. Equity Moderate Buffer ETF - October,fund,us,CBOE,
DRIV,Global X Autonomous & Electric Vehicles ETF,fund,us,NASDAQ,
VFMV,Vanguard U.S. Minimum Volatility ETF,fund,us,CBOE,
BRTR,iShares Total Return Active ETF,fund,us,NASDAQ,
SAMT,Strategas Macro Thematic Opportunities ETF,fund,us,AMEX,
EIDO,iShares MSCI Indonesia ETF,fund,us,AMEX,
SHE,State Street SPDR MSCI USA Gender Diversity ETF,fund,us,AMEX,
XMVM,Invesco S&P MidCap Value with Momentum ETF,fund,us,AMEX,
GOVZ,iShares 25+ Year Treasury STRIPS Bond ETF,fund,us,CBOE,
XJH,iShares ESG Select Screened S&P Mid-Cap ETF,fund,us,CBOE,
MRSK,Toews Agility Shares Managed Risk ETF,fund,us,AMEX,
TRFK,Pacer Data and Digital Revolution ETF,fund,us,AMEX,
AGGH,Simplify Aggregate Bond ETF,fund,us,AMEX,
TPHD,Timothy Plan High Dividend Stock ETF,fund,us,AMEX,
IBHI,iShares iBonds 2029 Term High Yield and Income ETF,fund,us,CBOE,
TPLC,Timothy Plan US Large/Mid Cap Core ETF,fund,us,AMEX,
PBP,Invesco S&P 500 BuyWrite ETF,fund,us,CBOE,
DFJ,WisdomTree Japan SmallCap Dividend Fund,fund,us,AMEX,
PFFV,Global X Variable Rate Preferred ETF,fund,us,AMEX,
URNJ,Sprott Junior Uranium Miners ETF,fund,us,NASDAQ,
GAUG,FT Vest U.S. Equity Moderate Buffer ETF - August,fund,us,CBOE,
DFEN,Direxion Daily Aerospace & Defense Bull 3X Shares,fund,us,AMEX,
JULW,AllianzIM U.S. Large Cap Buffer20 Jul ETF,fund,us,AMEX,
BSMQ,Invesco BulletShares 2026 Municipal Bond ETF,fund,us,NASDAQ,
STOT,State Street DoubleLine Short Duration Total Return Tactical ETF,fund,us,CBOE,
DEHP,Dimensional Emerging Markets High Profitability ETF,fund,us,AMEX,
HYFI,AB High Yield ETF,fund,us,AMEX,
OBIL,US Treasury 12 Month Bill ETF,fund,us,NASDAQ,
GMAY,FT Vest U.S. Equity Moderate Buffer ETF - May,fund,us,CBOE,
PJP,Invesco Pharmaceuticals ETF,fund,us,AMEX,
BYLD,iShares Yield Optimized Bond ETF,fund,us,AMEX,
CMDY,iShares Bloomberg Roll Select Commodity Strategy ETF,fund,us,AMEX,
EWD,iShares MSCI Sweden ETF,fund,us,AMEX,
GFEB,FT Vest US Equity Moderate Buffer ETF February,fund,us,CBOE,
FIVA,Fidelity International Value Factor ETF,fund,us,AMEX,
FLCG,Federated Hermes MDT Large Cap Growth ETF,fund,us,AMEX,
SOLT,2x Solana ETF,fund,us,NASDAQ,
AVMV,Avantis U.S. Mid Cap Value ETF,fund,us,AMEX,
MGNR,American Beacon GLG Natural Resources ETF,fund,us,AMEX,
BSMR,Invesco BulletShares 2027 Municipal Bond ETF,fund,us,NASDAQ,
BOCT,Innovator U.S. Equity Buffer ETF - October,fund,us,CBOE,
FCOR,Fidelity Corporate Bond ETF,fund,us,AMEX,
SMB,VanEck Short Muni ETF,fund,us,CBOE,
PSCT,Invesco S&P SmallCap Information Technology ETF,fund,us,NASDAQ,
DXUV,Dimensional US Vector Equity ETF,fund,us,AMEX,
UUP,Invesco DB US Dollar Index Bullish Fund,fund,us,AMEX,
CPLB,NYLI MacKay Core Plus Bond ETF,fund,us,AMEX,
FIGB,Fidelity Investment Grade Bond ETF,fund,us,AMEX,
NBCM,Neuberger Berman Commodity Strategy ETF,fund,us,AMEX,
VSDM,Vanguard Short Duration Tax-Exempt Bond ETF,fund,us,CBOE,
TLTE,FlexShares Morningstar Emerging Markets Factor Tilt Index Fund,fund,us,AMEX,
RSPF,Invesco S&P 500 Equal Weight Financials ETF,fund,us,AMEX,
LQDW,iShares Investment Grade Corporate Bond BuyWrite Strategy ETF,fund,us,CBOE,
INCO,Columbia India Consumer ETF,fund,us,AMEX,
PINK,Simplify Health Care ETF,fund,us,AMEX,
IQQQ,ProShares Nasdaq-100 High Income ETF,fund,us,NASDAQ,
RWX,SPDR Dow Jones International Real Estate ETF,fund,us,AMEX,
IMF,Invesco Managed Futures Strategy ETF,fund,us,CBOE,
PSP,Invesco Global Listed Private Equity ETF,fund,us,AMEX,
SDCI,USCF SummerHaven Dynamic Commodity Strategy No K-1 Fund,fund,us,AMEX,
MSTX,Defiance Daily Target 2x Long MSTR ETF,fund,us,NASDAQ,
HAWX,iShares Currency Hedged MSCI ACWI ex U.S. ETF,fund,us,AMEX,
SPDN,Direxion Daily S&P 500 Bear 1X Shares,fund,us,AMEX,
BJUL,Innovator U.S. Equity Buffer ETF - July,fund,us,CBOE,
SMMV,iShares MSCI USA Small-Cap Min Vol Factor ETF,fund,us,CBOE,
DMAY,FT Vest U.S. Equity Deep Buffer ETF - May,fund,us,CBOE,
BUFG,FT Vest Buffered Allocation Growth ETF,fund,us,CBOE,
BKCH,Global X Blockchain ETF,fund,us,NASDAQ,
GREK,Global X MSCI Greece ETF,fund,us,AMEX,
WCLD,WisdomTree Cloud Computing Fund,fund,us,NASDAQ,
TXUE,Thornburg International Equity ETF,fund,us,NASDAQ,
JANW,AllianzIM U.S. Large Cap Buffer20 Jan ETF,fund,us,AMEX,
RSST,Return Stacked U.S. Stocks & Managed Futures ETF,fund,us,CBOE,
EDGF,3EDGE Dynamic Fixed Income ETF,fund,us,AMEX,
USCI,United States Commodity Index Fund,fund,us,AMEX,
FEMB,First Trust Emerging Markets Local Currency Bond ETF,fund,us,NASDAQ,
AMZY,YieldMax AMZN Option Income Strategy ETF,fund,us,AMEX,
NJAN,Innovator Growth-100 Power Buffer ETF - January,fund,us,CBOE,
HFSI,Hartford Strategic Income ETF,fund,us,CBOE,
DAPR,FT Vest U.S. Equity Deep Buffer ETF - April,fund,us,CBOE,
FDEM,Fidelity Emerging Markets Multifactor ETF,fund,us,CBOE,
XRPC,Canary XRP ETF,fund,us,NASDAQ,
TUSI,Touchstone Ultra Short Income ETF,fund,us,CBOE,
METV,Roundhill Ball Metaverse ETF,fund,us,AMEX,
EWN,iShares MSCI Netherlands ETF,fund,us,AMEX,
ALAI,Alger AI Enablers & Adopters ETF,fund,us,AMEX,
USOI,"UBS AG ETRACS Crude Oil Shares Covered Call ETNs due April 24, 2037",fund,us,NASDAQ,
THNQ,ROBO Global Artificial Intelligence ETF,fund,us,AMEX,
IGHG,ProShares Investment Grade-Interest Rate Hedged,fund,us,CBOE,
RFG,Invesco S&P Midcap 400 Pure Growth ETF,fund,us,AMEX,
EMBD,Global X Emerging Markets Bond ETF,fund,us,AMEX,
SGDJ,Sprott Junior Gold Miners ETF,fund,us,AMEX,
IMTB,ishares Core 5-10 Year USD Bond ETF,fund,us,AMEX,
BJAN,Innovator U.S. Equity Buffer ETF - January,fund,us,CBOE,
UIVM,VictoryShares International Value Momentum ETF,fund,us,NASDAQ,
RFV,Invesco S&P Midcap 400 Pure Value ETF,fund,us,AMEX,
PKB,Invesco Building & Construction ETF,fund,us,AMEX,
DJUN,FT Vest U.S. Equity Deep Buffer ETF - June,fund,us,CBOE,
FLV,American Century Focused Large Cap Value ETF,fund,us,AMEX,
FXD,First Trust Consumer Discretionary AlphaDEX Fund,fund,us,AMEX,
PABD,iShares Paris-Aligned Climate Optimized MSCI World ex USA ETF,fund,us,NASDAQ,
SEPW,AllianzIM U.S. Large Cap Buffer20 Sep ETF,fund,us,AMEX,
SEIX,Virtus Seix Senior Loan ETF,fund,us,AMEX,
HOOW,Roundhill HOOD WeeklyPay ETF,fund,us,CBOE,
EWM,iShares MSCI Malaysia ETF,fund,us,AMEX,
USNZ,Xtrackers Net Zero Pathway Paris Aligned US Equity ETF,fund,us,AMEX,
JIG,JPMorgan International Growth ETF,fund,us,AMEX,
FPAG,FPA Global Equity ETF,fund,us,CBOE,
ACLC,American Century Large Cap Equity ETF,fund,us,AMEX,
DECU,AllianzIM U.S. Equity Buffer15 Uncapped Dec ETF,fund,us,CBOE,
ZECP,Zacks Earnings Consistent Portfolio ETF,fund,us,CBOE,
PIO,Invesco Global Water ETF,fund,us,NASDAQ,
GDEC,FT Vest U.S. Equity Moderate Buffer ETF - December,fund,us,CBOE,
CLOU,Global X Cloud Computing ETF,fund,us,NASDAQ,
USSE,Segall Bryant & Hamill Select Equity ETF,fund,us,AMEX,
CWEB,Direxion Daily CSI China Internet Index Bull 2x Shares,fund,us,AMEX,
VALQ,American Century U.S. Quality Value ETF,fund,us,AMEX,
DAX,Global X DAX Germany ETF,fund,us,NASDAQ,
DAPP,VanEck Digital Transformation ETF,fund,us,NASDAQ,
PPIE,Putnam PanAgora ESG International Equity ETF,fund,us,AMEX,
FLBR,Franklin FTSE Brazil ETF,fund,us,AMEX,
KJAN,Innovator U.S. Small Cap Power Buffer ETF - January,fund,us,CBOE,
GAL,State Street Global Allocation ETF,fund,us,AMEX,
VIXY,ProShares VIX Short-Term Futures ETF,fund,us,CBOE,
TACK,Fairlead Tactical Sector ETF,fund,us,AMEX,
FXN,First Trust Energy AlphaDEX Fund,fund,us,AMEX,
DUBS,Aptus Large Cap Enhanced Yield ETF,fund,us,CBOE,
FLRG,Fidelity U.S. Multifactor ETF,fund,us,AMEX,
BUFM,AB Moderate Buffer ETF,fund,us,NASDAQ,
FXG,First Trust Consumer Staples AlphaDEX Fund,fund,us,AMEX,
FTSD,Franklin Short Duration U.S. Government ETF,fund,us,AMEX,
IQSU,NYLI Candriam U.S. Large Cap Equity ETF,fund,us,AMEX,
JXI,iShares Global Utilities ETF,fund,us,AMEX,
FMAG,Fidelity Magellan ETF,fund,us,CBOE,
XSHQ,Invesco S&P SmallCap Quality ETF,fund,us,CBOE,
BINT,Bluemonte Global Equity ETF,fund,us,AMEX,
NOCT,Innovator Growth-100 Power Buffer ETF- October,fund,us,CBOE,
PALC,Pacer Lunt Large Cap Multi-Factor Alternator ETF,fund,us,AMEX,
ASLV,Allspring Special Large Value ETF,fund,us,AMEX,
GNOV,FT Vest U.S. Equity Moderate Buffer ETF -November,fund,us,CBOE,
BUSA,Brandes U.S. Value ETF,fund,us,CBOE,
STCE,Schwab Crypto Thematic ETF,fund,us,AMEX,
QTOP,iShares Nasdaq Top 30 Stocks ETF,fund,us,NASDAQ,
MNA,NYLI Merger Arbitrage ETF,fund,us,AMEX,
TCPB,Thrivent Core Plus Bond ETF,fund,us,AMEX,
PAPI,Parametric Equity Premium Income ETF,fund,us,AMEX,
NANC,Unusual Whales Subversive Democratic Trading ETF,fund,us,CBOE,
PBDC,Putnam BDC Income ETF,fund,us,AMEX,
WGMI,CoinShares Bitcoin Mining ETF,fund,us,NASDAQ,
PEJ,Invesco Leisure and Entertainment ETF,fund,us,AMEX,
FDIG,Fidelity Crypto Industry and Digital Payments ETF,fund,us,NASDAQ,
SLNZ,TCW Senior Loan ETF,fund,us,NYSE,
FEMS,First Trust Emerging Markets Small Cap AlphaDEX Fund,fund,us,NASDAQ,
CVIE,Calvert International Responsible Index ETF,fund,us,AMEX,
EVSB,Eaton Vance Ultra-Short Income ETF,fund,us,AMEX,
GAPR,FT Vest U.S. Equity Moderate Buffer Fund - Apr,fund,us,CBOE,
DINT,Davis Select International ETF,fund,us,CBOE,
RTH,VanEck Retail ETF,fund,us,NASDAQ,
UTEN,US Treasury 10 Year Note ETF,fund,us,NASDAQ,
EFAA,Invesco MSCI EAFE Income Advantage ETF,fund,us,AMEX,
HYGW,iShares High Yield Corporate Bond BuyWrite Strategy ETF,fund,us,CBOE,
TBT,ProShares UltraShort 20+ Year Treasury,fund,us,AMEX,
SLVO,UBS AG ETRACS Silver Shares Covered Call ETN,fund,us,NASDAQ,
FINX,Global X FinTech ETF,fund,us,NASDAQ,
AMZU,Direxion Daily AMZN Bull 2X Shares,fund,us,NASDAQ,
TSPX,Twin Oak Active Opportunities ETF,fund,us,CBOE,
CSB,VictoryShares US Small Cap High Dividend Volatility Wtd ETF,fund,us,NASDAQ,
JSML,Janus Henderson Small Cap Growth Alpha ETF,fund,us,NASDAQ,
DRLL,Strive U.S. Energy ETF,fund,us,NYSE,
PBE,Invesco Biotechnology & Genome ETF,fund,us,AMEX,
TDV,ProShares S&P Technology Dividend Aristocrats ETF,fund,us,CBOE,
JSTC,Adasina Social Justice All Cap Global ETF,fund,us,AMEX,
ADME,Aptus Drawdown Managed Equity ETF,fund,us,CBOE,
SHYL,Xtrackers Short Duration High Yield Bond ETF,fund,us,AMEX,
RGLO,Russell Investments Global Equity ETF,fund,us,NASDAQ,
HOLA,JPMorgan International Hedged Equity Laddered Overlay ETF,fund,us,AMEX,
FTXO,First Trust Nasdaq Bank ETF,fund,us,NASDAQ,
OAIM,OneAscent International Equity ETF,fund,us,AMEX,
FTMA,Franklin Massachusetts Municipal Income ETF,fund,us,AMEX,
DGP,DB Gold Double Long Exchange Traded Notes,fund,us,AMEX,
CLSE,Convergence Long/Short Equity ETF,fund,us,CBOE,
QQXT,First Trust Nasdaq-100 Ex-Technology Sector Index Fund,fund,us,NASDAQ,
PICB,Invesco International Corporate Bond ETF,fund,us,AMEX,
TSLR,GraniteShares 2x Long TSLA Daily ETF,fund,us,NASDAQ,
ECON,Columbia Research Enhanced Emerging Economies ETF,fund,us,AMEX,
ISCB,iShares Morningstar Small-Cap ETF,fund,us,AMEX,
TPSC,Timothy Plan US Small Cap Core ETF,fund,us,AMEX,
KBWY,Invesco KBW Premium Yield Equity REIT ETF,fund,us,NASDAQ,
BSEP,Innovator U.S. Equity Buffer ETF - September,fund,us,CBOE,
PLTW,Roundhill PLTR WeeklyPay ETF,fund,us,CBOE,
FCPI,Fidelity Stocks for Inflation ETF,fund,us,CBOE,
OMFS,Invesco Russell 2000 Dynamic Multifactor ETF,fund,us,CBOE,
TAXX,BondBloxx IR+M Tax-Aware Short Duration ETF,fund,us,AMEX,
EQIN,Columbia U.S. Equity Income ETF,fund,us,AMEX,
AAAA,Amplius Aggressive Asset Allocation ETF,fund,us,CBOE,
FLCH,Franklin FTSE China ETF,fund,us,AMEX,
JMHI,JPMorgan High Yield Municipal ETF,fund,us,AMEX,
CLOX,Eldridge AAA CLO ETF,fund,us,AMEX,
YBTC,Roundhill Bitcoin Covered Call Strategy ETF,fund,us,CBOE,
KHPI,Kensington Hedged Premium Income ETF,fund,us,CBOE,
BKUI,BNY Mellon Ultra Short Income ETF,fund,us,AMEX,
BSMS,Invesco BulletShares 2028 Municipal Bond ETF,fund,us,NASDAQ,
UOCT,Innovator U.S. Equity Ultra Buffer ETF - October,fund,us,CBOE,
DBP,Invesco DB Precious Metals Fund,fund,us,AMEX,
XES,State Street SPDR S&P Oil & Gas Equipment & Services ETF,fund,us,AMEX,
DEXC,Dimensional Emerging Markets ex China Core Equity ETF,fund,us,AMEX,
UAUG,Innovator U.S. Equity Ultra Buffer ETF - August,fund,us,CBOE,
ZAP,Global X U.S. Electrification ETF,fund,us,NASDAQ,
WDIV,SPDR S&P Global Dividend ETF,fund,us,AMEX,
UDEC,Innovator U.S. Equity Ultra Buffer ETF - December,fund,us,CBOE,
BLUC,Bluemonte Large Cap Core ETF,fund,us,AMEX,
RAAX,VanEck Real Assets ETF,fund,us,AMEX,
RMOP,Rockefeller Opportunistic Municipal Bond ETF,fund,us,AMEX,
XSLV,Invesco S&P SmallCap Low Volatility ETF,fund,us,AMEX,
JAJL,Innovator Equity Defined Protection ETF - 6mo Jan/Jul,fund,us,CBOE,
MUU,Direxion Daily MU Bull 2X Shares,fund,us,NASDAQ,
EVUS,iShares ESG Aware MSCI USA Value ETF,fund,us,CBOE,
SPXT,ProShares S&P 500 Ex-Technology ETF,fund,us,AMEX,
GINN,Innovate Equity ETF,fund,us,AMEX,
MSFU,Direxion Daily MSFT Bull 2X Shares,fund,us,NASDAQ,
SIO,Touchstone Strategic Income ETF,fund,us,AMEX,
NJUL,Innovator Growth-100 Power Buffer ETF - July,fund,us,CBOE,
JOET,Virtus Terranova US Quality Momentum ETF,fund,us,AMEX,
IBTP,iShares iBonds Dec 2034 Term Treasury ETF,fund,us,NASDAQ,
UEVM,VictoryShares Emerging Markets Value Momentum ETF,fund,us,NASDAQ,
RSPS,Invesco S&P 500 Equal Weight Consumer Staples ETF,fund,us,AMEX,
EPU,iShares MSCI Peru and Global Exposure ETF,fund,us,AMEX,
EMHC,State Street SPDR Bloomberg Emerging Markets USD Bond ETF,fund,us,AMEX,
JUCY,Aptus Enhanced Yield ETF,fund,us,CBOE,
BMNU,T-REX 2X Long BMNR Daily Target ETF,fund,us,CBOE,
USEP,Innovator U.S. Equity Ultra Buffer ETF - September,fund,us,CBOE,
IAPR,Innovator International Developed Power Buffer ETF - April,fund,us,AMEX,
KBA,KraneShares Bosera MSCI China A 50 Connect Index ETF,fund,us,AMEX,
FLKR,Franklin FTSE South Korea ETF,fund,us,AMEX,
XXRP,Teucrium 2x Long Daily XRP ETF,fund,us,AMEX,
AVMC,Avantis U.S. Mid Cap Equity ETF,fund,us,AMEX,
EDOW,First Trust Dow 30 Equal Weight ETF,fund,us,AMEX,
BASV,Brown Advisory Sustainable Value ETF,fund,us,NASDAQ,
FCTE,SMI 3Fourteen Full-Cycle Trend ETF,fund,us,NASDAQ,
IJUL,Innovator International Developed Power Buffer ETF - July,fund,us,AMEX,
XCCC,BondBloxx CCC-Rated USD High Yield Corporate Bond ETF,fund,us,AMEX,
PHYD,Putnam ESG High Yield ETF,fund,us,AMEX,
BSMT,Invesco BulletShares 2029 Municipal Bond ETF,fund,us,NASDAQ,
USDU,WisdomTree Bloomberg US Dollar Bullish Fund,fund,us,AMEX,
VSDA,VictoryShares Dividend Accelerator ETF,fund,us,NASDAQ,
FUMB,First Trust Ultra Short Duration Municipal ETF,fund,us,AMEX,
TOK,iShares MSCI Kokusai ETF,fund,us,AMEX,
CHIQ,Global X MSCI China Consumer Discretionary ETF,fund,us,AMEX,
HYTR,Counterpoint High Yield Trend ETF,fund,us,NYSE,
SSK,REX-Osprey SOL + Staking ETF,fund,us,CBOE,
WOOD,iShares Global Timber & Forestry ETF,fund,us,NASDAQ,
INMU,iShares Intermediate Muni Income Active ETF,fund,us,AMEX,
MXI,iShares Global Materials ETF,fund,us,AMEX,
MPRO,Monarch ProCap Index ETF,fund,us,CBOE,
CNYA,iShares MSCI China A ETF,fund,us,CBOE,
LCTD,iShares World ex U.S. Carbon Transition Readiness Aware Active ETF,fund,us,AMEX,
IPAY,Amplify Digital Payments ETF,fund,us,AMEX,
FIXT,TCW Core Plus Bond ETF,fund,us,NYSE,
GUSH,Direxion Daily S&P Oil & Gas Exp. & Prod. Bull 2X Shares,fund,us,AMEX,
OACP,OneAscent Core Plus Bond ETF,fund,us,AMEX,
BAUG,Innovator U.S. Equity Buffer ETF - August,fund,us,CBOE,
TSMX,Direxion Daily TSM Bull 2X Shares,fund,us,NASDAQ,
GOOY,YieldMax GOOGL Option Income Strategy ETF,fund,us,AMEX,
GQI,Natixis Gateway Quality Income ETF,fund,us,AMEX,
BUFB,Innovator Laddered Allocation Buffer ETF,fund,us,CBOE,
EMNT,PIMCO Enhanced Short Maturity Active ESG Exchange-Traded Fund,fund,us,AMEX,
UWM,ProShares Ultra Russell2000,fund,us,AMEX,
ISMD,Inspire Small/Mid Cap ETF,fund,us,AMEX,
BNOV,Innovator U.S. Equity Buffer ETF - November,fund,us,CBOE,
UJUL,Innovator U.S. Equity Ultra Buffer ETF - July,fund,us,CBOE,
ERX,Direxion Daily Energy Bull 2x Shares,fund,us,AMEX,
DBO,Invesco DB Oil Fund,fund,us,AMEX,
SDOW,ProShares UltraPro Short Dow30,fund,us,AMEX,
VOLT,Tema Electrification ETF,fund,us,NASDAQ,
GDIV,Harbor Dividend Growth Leaders ETF,fund,us,NYSE,
FICS,First Trust International Developed Capital Strength ETF,fund,us,NASDAQ,
MISL,First Trust Indxx Aerospace & Defense ETF,fund,us,AMEX,
RZV,Invesco S&P Smallcap 600 Pure Value ETF,fund,us,AMEX,
FDEV,Fidelity International Multifactor ETF,fund,us,CBOE,
KOLD,ProShares UltraShort Bloomberg Natural Gas,fund,us,AMEX,
DBAW,Xtrackers MSCI All World ex US Hedged Equity ETF,fund,us,AMEX,
QBER,TrueShares Quarterly Bear Hedge ETF,fund,us,CBOE,
IQSI,NYLI Candriam International Equity ETF,fund,us,AMEX,
AGEM,abrdn Emerging Markets Dividend Active ETF,fund,us,NASDAQ,
NAPR,Innovator Growth-100 Power Buffer ETF - April,fund,us,CBOE,
BSMU,Invesco BulletShares 2030 Municipal Bond ETF,fund,us,NASDAQ,
QHY,WisdomTree U.S. High Yield Corporate Bond Fund,fund,us,CBOE,
AINP,Allspring Income Plus ETF,fund,us,AMEX,
PULT,Putnam ESG Ultra Short ETF,fund,us,AMEX,
PIN,Invesco India ETF,fund,us,AMEX,
GMOI,GMO International Value ETF,fund,us,AMEX,
SRET,Global X SuperDividend REIT ETF,fund,us,NASDAQ,
DIVZ,Opal Dividend Income ETF,fund,us,AMEX,
THD,iShares MSCI Thailand ETF,fund,us,AMEX,
GRIN,VictoryShares International Free Cash Flow Growth ETF,fund,us,NASDAQ,
MFUS,PIMCO RAFI Dynamic Multi-Factor U.S. Equity ETF,fund,us,AMEX,
YANG,Direxion Daily FTSE China Bear 3X Shares,fund,us,AMEX,
IVVW,iShares S&P 500 BuyWrite ETF,fund,us,CBOE,
UJAN,Innovator U.S. Equity Ultra Buffer ETF - January,fund,us,CBOE,
XTRE,BondBloxx Bloomberg Three Year Target Duration US Treasury ETF,fund,us,AMEX,
KCSH,KraneShares Sustainable Ultra Short Duration Index ETF,fund,us,AMEX,
APMU,ActivePassive Intermediate Municipal Bond ETF,fund,us,AMEX,
FMF,First Trust Managed Futures Strategy Fund,fund,us,AMEX,
AFIF,Anfield Universal Fixed Income ETF,fund,us,CBOE,
MLPB,ETRACS Alerian MLP Infrastructure Index ETN Series B,fund,us,AMEX,
AQLT,iShares MSCI Global Quality Factor ETF,fund,us,CBOE,
GDXY,YieldMax Gold Miners Option Income Strategy ETF,fund,us,AMEX,
FDM,First Trust Dow Jones Select MicroCap Index Fund,fund,us,AMEX,
IQSM,NYLI Candriam U.S. Mid Cap Equity ETF,fund,us,AMEX,
FUNL,CornerCap Fundametrics Large-Cap ETF,fund,us,CBOE,
FJP,First Trust Japan AlphaDEX Fund,fund,us,NASDAQ,
HYZD,WisdomTree Interest Rate Hedged High Yield Bond Fund,fund,us,NASDAQ,
XDEC,FT Vest U.S. Equity Enhance & Moderate Buffer ETF - December,fund,us,CBOE,
LQTI,FT Vest Investment Grade & Target Income ETF,fund,us,AMEX,
PRFD,PIMCO Preferred and Capital Securities Active ETF,fund,us,AMEX,
XPH,State Street SPDR S&P Pharmaceuticals ETF,fund,us,AMEX,
IAUI,NEOS Gold High Income ETF,fund,us,CBOE,
RSPD,Invesco S&P 500 Equal Weight Consumer Discretionary ETF,fund,us,AMEX,
TMAT,Main Thematic Innovation ETF,fund,us,CBOE,
BLGR,Bluemonte Large Cap Growth ETF,fund,us,AMEX,
GXIG,Global X Investment Grade Corporate Bond ETF,fund,us,AMEX,
GVLU,Gotham 1000 Value ETF,fund,us,AMEX,
SVXY,ProShares Short VIX Short-Term Futures ETF,fund,us,CBOE,
CURE,Direxion Daily Healthcare Bull 3x Shares,fund,us,AMEX,
CPLS,AB Core Plus Bond ETF,fund,us,NASDAQ,
QVMS,Invesco S&P SmallCap 600 QVM Multi-factor ETF,fund,us,AMEX,
YOKE,YOKE Core ETF,fund,us,NASDAQ,
QQQY,Defiance Nasdaq 100 Target 30 Income ETF,fund,us,NASDAQ,
IOCT,Innovator International Developed Power Buffer ETF - October,fund,us,AMEX,
ULVM,VictoryShares US Value Momentum ETF,fund,us,NASDAQ,
FFOG,Franklin Focused Growth ETF FOCUSED GROWTH ETF,fund,us,CBOE,
CNEQ,Alger Concentrated Equity ETF,fund,us,AMEX,
FCAL,First Trust California Municipal High Income ETF,fund,us,NASDAQ,
ILDR,First Trust Innovation Leaders ETF,fund,us,AMEX,
BVAL,Bluemonte Large Cap Value ETF,fund,us,AMEX,
TUSB,Thrivent Ultra Short Bond ETF,fund,us,AMEX,
GHYG,iShares US & Intl High Yield Corp Bond ETF,fund,us,CBOE,
TBG,TBG Dividend Focus ETF,fund,us,AMEX,
BSMP,Invesco BulletShares 2025 Municipal Bond ETF,fund,us,NASDAQ,
MOTI,VanEck Morningstar International Moat ETF,fund,us,CBOE,
FIDI,Fidelity International High Dividend ETF,fund,us,AMEX,
LDRX,SGI Enhanced Market Leaders ETF,fund,us,NASDAQ,
KORU,Direxion MSCI Daily South Korea Bull 3X Shares,fund,us,AMEX,
XMPT,VanEck CEF Muni Income ETF,fund,us,CBOE,
AMDY,YieldMax AMD Option Income Strategy ETF,fund,us,AMEX,
SMLV,State Street SPDR US Small Cap Low Volatility Index ETF,fund,us,AMEX,
DECW,AllianzIM U.S. Large Cap Buffer20 Dec ETF,fund,us,AMEX,
UNHG,Leverage Shares 2X Long UNH Daily ETF,fund,us,NASDAQ,
AFOS,ARS Focused Opportunity Strategy ETF,fund,us,NASDAQ,
TDVI,FT Vest Technology Dividend Target Income ETF,fund,us,CBOE,
SNSR,Global X Internet of Things ETF,fund,us,NASDAQ,
FXZ,First Trust Materials AlphaDEX Fund,fund,us,AMEX,
HAP,VanEck Natural Resources ETF,fund,us,AMEX,
FAN,First Trust Global Wind Energy ETF,fund,us,AMEX,
HYXF,iShares ESG Advanced High Yield Corporate Bond ETF,fund,us,NASDAQ,
RISR,FolioBeyond Alternative Income and Interest Rate Hedge ETF,fund,us,AMEX,
TCAL,T. Rowe Price Capital Appreciation Premium Income ETF,fund,us,AMEX,
CNRG,State Street SPDR S&P Kensho Clean Power ETF,fund,us,AMEX,
GPRF,Goldman Sachs Access U.S. Preferred Stock and Hybrid Securities ETF,fund,us,NASDAQ,
QALT,SEI DBi Multi-Strategy Alternative ETF,fund,us,NASDAQ,
TOV,JLens 500 Jewish Advocacy U.S. ETF,fund,us,AMEX,
AVXC,Avantis Emerging Markets ex-China Equity ETF,fund,us,NASDAQ,
EDEN,iShares MSCI Denmark ETF,fund,us,CBOE,
SIXL,ETC 6 Meridian Low Beta Equity ETF,fund,us,AMEX,
DEUS,Xtrackers Russell US Multifactor ETF,fund,us,AMEX,
HOOY,YieldMax HOOD Option Income Strategy ETF,fund,us,AMEX,
NFTY,First Trust India NIFTY 50 Equal Weight ETF,fund,us,NASDAQ,
SPUU,Direxion Daily S&P 500 Bull 2x Shares,fund,us,AMEX,
POWA,Invesco Bloomberg Pricing Power ETF,fund,us,AMEX,
GTIP,Goldman Sachs Access Inflation Protected USD Bond ETF,fund,us,CBOE,
FNK,First Trust Mid Cap Value AlphaDEX Fund,fund,us,NASDAQ,
JHMB,John Hancock Mortgage-Backed Securities ETF,fund,us,AMEX,
HEEM,iShares Currency Hedged MSCI Emerging Markets ETF,fund,us,CBOE,
CALI,iShares Short-Term California Muni Active ETF,fund,us,NASDAQ,
EWZS,iShares MSCI Brazil Small-Cap ETF,fund,us,NASDAQ,
WTMF,WisdomTree Managed Futures Strategy Fund,fund,us,AMEX,
XSVN,BondBloxx Bloomberg Seven Year Target Duration US Treasury ETF,fund,us,AMEX,
RWM,ProShares Short Russell2000,fund,us,AMEX,
NBSM,Neuberger Berman Small-Mid Cap ETF,fund,us,AMEX,
PGHY,Invesco Global ex-US High Yield Corporate Bond ETF,fund,us,AMEX,
BBBS,BondBloxx BBB Rated 1-5 Year Corporate Bond ETF,fund,us,AMEX,
BNDY,Horizon Core Bond ETF,fund,us,CBOE,
OPTZ,Optimize Strategy Index ETF,fund,us,NASDAQ,
FDTX,Fidelity Disruptive Technology ETF,fund,us,NASDAQ,
CVSB,Calvert Ultra-Short Investment Grade ETF,fund,us,AMEX,
TENM,iShares Large Cap 10% Target Buffer Mar ETF,fund,us,CBOE,
SMCY,YieldMax SMCI Option Income Strategy ETF,fund,us,AMEX,
SELV,SEI Enhanced Low Volatility U.S. Large Cap ETF,fund,us,CBOE,
BDEC,Innovator U.S. Equity Buffer ETF - December,fund,us,CBOE,
PCGG,Polen Capital Global Growth ETF,fund,us,AMEX,
QUVU,Hartford Quality Value ETF,fund,us,CBOE,
AFIX,Allspring Broad Market Core Bond ETF,fund,us,AMEX,
XTL,State Street SPDR S&P Telecom ETF,fund,us,AMEX,
BSJU,Invesco BulletShares 2030 High Yield Corporate Bond ETF,fund,us,NASDAQ,
GTOC,Invesco Core Fixed Income ETF,fund,us,CBOE,
TOGA,Tremblant Global ETF,fund,us,AMEX,
ESN,Essential 40 Stock ETF,fund,us,NASDAQ,
BEEX,Beehive ETF,fund,us,NASDAQ,
QWLD,SPDR MSCI World StrategicFactors ETF,fund,us,AMEX,
IFV,First Trust Dorsey Wright International Focus 5 ETF,fund,us,NASDAQ,
FFOX,FundX Future Fund Opportunities ETF,fund,us,AMEX,
CWS,AdvisorShares Focused Equity ETF,fund,us,AMEX,
CZA,Invesco Zacks Mid-Cap ETF,fund,us,AMEX,
AAPU,Direxion Daily AAPL Bull 2X Shares,fund,us,NASDAQ,
OPPE,WisdomTree European Opportunities Fund,fund,us,AMEX,
BKCI,BNY Mellon Concentrated International ETF,fund,us,AMEX,
KMLM,KraneShares Mount Lucas Managed Futures Index Strategy ETF,fund,us,AMEX,
HYBI,NEOS Enhanced Income Credit Select ETF,fund,us,NASDAQ,
HFGO,Hartford Large Cap Growth ETF,fund,us,CBOE,
COPY,Tweedy Browne Insider + Value ETF Trust Units,fund,us,AMEX,
NZAC,SPDR MSCI ACWI Climate Paris Aligned ETF,fund,us,NASDAQ,
PCMM,BondBloxx Private Credit CLO ETF,fund,us,NASDAQ,
COM,Direxion Auspice Broad Commodity Strategy ETF,fund,us,AMEX,
QBUF,Innovator Nasdaq-100 10 Buffer ETF Quarterly,fund,us,NASDAQ,
SPRE,SP Funds S&P Global REIT Sharia ETF,fund,us,AMEX,
AVUQ,Avantis U.S. Quality ETF Shs Avantis US Growth Equity ETF,fund,us,NASDAQ,
OALC,OneAscent Large Cap Core ETF,fund,us,AMEX,
GTEK,Goldman Sachs Future Tech Leaders Equity ETF,fund,us,AMEX,
BMAR,Innovator U.S. Equity Buffer ETF - March,fund,us,CBOE,
MUSI,American Century Multisector Income ETF,fund,us,AMEX,
BFOR,ALPS Barron's 400 ETF,fund,us,AMEX,
SCUS,Schwab Ultra-Short Income ETF,fund,us,AMEX,
TUR,iShares MSCI Turkey ETF,fund,us,NASDAQ,
MSTB,LHA Market State Tactical Beta ETF,fund,us,CBOE,
SVIX,-1x Short VIX Futures ETF,fund,us,CBOE,
BLOX,Nicholas Crypto Income ETF,fund,us,AMEX,
FTMN,Franklin Minnesota Municipal Income ETF,fund,us,AMEX,
XMAR,FT Vest U.S. Equity Enhance & Moderate Buffer ETF - March,fund,us,CBOE,
IVAL,Alpha Architect International Quantitative Value ETF,fund,us,NASDAQ,
FLUD,Franklin Ultra Short Bond ETF,fund,us,AMEX,
FMUN,Fidelity Systematic Municipal Bond Index ETF,fund,us,NASDAQ,
BCHP,Principal Focused Blue Chip ETF,fund,us,CBOE,
ROBN,T-Rex 2X Long HOOD Daily Target ETF,fund,us,CBOE,
BABX,GraniteShares 2x Long BABA Daily ETF,fund,us,NASDAQ,
KRBN,KraneShares Global Carbon Strategy ETF,fund,us,AMEX,
OVL,Overlay Shares Large Cap Equity ETF,fund,us,CBOE,
RSHO,Tema American Reshoring ETF,fund,us,AMEX,
MBSF,Regan Floating Rate MBS ETF,fund,us,AMEX,
LFGY,YieldMax Crypto Industry & Tech Portfolio Option Income ETF,fund,us,AMEX,
SMCX,Defiance Daily Target 2X Long SMCI ETF,fund,us,NASDAQ,
IBMS,iShares iBonds Dec 2030 Term Muni Bond ETF,fund,us,CBOE,
UNOV,Innovator U.S. Equity Ultra Buffer ETF - November,fund,us,CBOE,
HSCZ,iShares Currency Hedged MSCI EAFE Small-Cap ETF,fund,us,AMEX,
SDG,iShares MSCI Global Sustainable Development Goals ETF,fund,us,NASDAQ,
APRW,AllianzIM US Large Cap Buffer20 Apr ETF,fund,us,AMEX,
SIHY,Harbor Scientific Alpha High-Yield ETF,fund,us,AMEX,
TJUL,Innovator Equity Defined Protection ETF - 2 Yr to July 2027,fund,us,CBOE,
HYHG,ProShares High Yield-Interest Rate Hedged ETF,fund,us,CBOE,
FTMS,Franklin Short-Term Municipal Income ETF,fund,us,AMEX,
AVGV,Avantis All Equity Markets Value ETF,fund,us,AMEX,
TMV,Direxion Daily 20+ Year Treasury Bear 3x Shares,fund,us,AMEX,
MDST,Westwood Salient Enhanced Midstream Income ETF,fund,us,NYSE,
BENJ,Horizon Landmark ETF,fund,us,AMEX,
TPIF,Timothy Plan International ETF,fund,us,AMEX,
SRHQ,SRH U.S. Quality GARP ETF,fund,us,AMEX,
GEW,Cambria Global EW ETF,fund,us,NASDAQ,
MAGY,Roundhill Magnificent Seven Covered Call ETF,fund,us,CBOE,
HKND,Humankind US Stock ETF,fund,us,AMEX,
XCOR,FundX ETF,fund,us,AMEX,
ORCX,Defiance Daily Target 2X Long ORCL ETF,fund,us,NASDAQ,
ROE,Astoria US Equal Weight Quality Kings ETF,fund,us,NASDAQ,
EALT,Innovator U.S. Equity 5 to 15 Buffer ETF - Quarterly,fund,us,CBOE,
SETM,Sprott Critical Materials ETF,fund,us,NASDAQ,
OCIO,ClearShares OCIO ETF,fund,us,AMEX,
UMMA,Wahed Dow Jones Islamic World ETF,fund,us,NASDAQ,
ETHV,VanEck Ethereum ETF,fund,us,CBOE,
SHDG,Soundwatch Hedged Equity ETF,fund,us,CBOE,
MAXJ,iShares Large Cap Max Buffer Jun ETF,fund,us,CBOE,
GOAU,U.S. Global GO GOLD and Precious Metal Miners ETF,fund,us,AMEX,
CGUI,Capital Group Ultra Short Income ETF,fund,us,AMEX,
KRMA,Global X Conscious Companies ETF,fund,us,NASDAQ,
LOWV,AB US Low Volatility Equity ETF,fund,us,AMEX,
XRPI,Volatility Shares Trust XRP ETF,fund,us,NASDAQ,
RDTE,Roundhill Russell 2000 0DTE Covered Call Strategy ETF,fund,us,CBOE,
IDRV,iShares Self-driving EV & Tech ETF,fund,us,AMEX,
JHLN,John Hancock Global Senior Loan ETF,fund,us,AMEX,
PTIN,Pacer Trendpilot International ETF,fund,us,AMEX,
DDFO,Innovator Equity Dual Directional 15 Buffer ETF - October,fund,us,CBOE,
GRNB,VanEck Green Bond ETF,fund,us,AMEX,
AVSE,Avantis Responsible Emerging Markets Equity ETF,fund,us,AMEX,
THIR,THOR Index Rotation ETF,fund,us,NYSE,
SCJ,iShares MSCI Japan Small-Cap ETF,fund,us,AMEX,
INTL,Main International ETF,fund,us,CBOE,
BFEB,Innovator U.S. Equity Buffer ETF - February,fund,us,CBOE,
YJUN,FT Vest International Equity Moderate Buffer ETF - June,fund,us,CBOE,
UFEB,Innovator U.S. Equity Ultra Buffer ETF - February,fund,us,CBOE,
GCC,WisdomTree Enhanced Commodity Strategy Fund,fund,us,AMEX,
SECR,NYLI MacKay Securitized Income ETF,fund,us,AMEX,
GSGO,Goldman Sachs Growth Opportunities ETF,fund,us,NASDAQ,
KAPR,Innovator U.S. Small Cap Power Buffer ETF - April,fund,us,CBOE,
HYDW,Xtrackers Low Beta High Yield Bond ETF,fund,us,AMEX,
HIGH,Simplify Enhanced Income ETF,fund,us,AMEX,
NUSB,Nuveen Ultra Short Income ETF,fund,us,NASDAQ,
GDMA,Gadsden Dynamic Multi-Asset ETF,fund,us,CBOE,
DFE,WisdomTree Europe SmallCap Dividend Fund,fund,us,AMEX,
PFIX,Simplify Interest Rate Hedge ETF,fund,us,AMEX,
MBS,Angel Oak Mortgage-Backed Securities ETF,fund,us,NASDAQ,
XTWO,BondBloxx Bloomberg Two Year Target Duration US Treasury ETF,fund,us,AMEX,
DIM,WisdomTree International MidCap Dividend Fund,fund,us,AMEX,
VSMV,VictoryShares US Multi-Factor Minimum Volatility ETF,fund,us,NASDAQ,
IJAN,Innovator International Developed Power Buffer ETF - January,fund,us,AMEX,
BMAY,Innovator U.S. Equity Buffer ETF - May,fund,us,CBOE,
KJUL,Innovator U.S. Small Cap Power Buffer ETF - July,fund,us,CBOE,
MFSV,MFS Active Value ETF,fund,us,NYSE,
FIAX,Nicholas Fixed Income Alternative ETF,fund,us,AMEX,
EDGI,3EDGE Dynamic International Equity ETF,fund,us,AMEX,
SMHX,VanEck Fabless Semiconductor ETF,fund,us,NASDAQ,
MFSG,MFS Active Growth ETF,fund,us,NYSE,
APLY,YieldMax AAPL Option Income Strategy ETF,fund,us,AMEX,
UAPR,Innovator U.S. Equity Ultra Buffer ETF - April,fund,us,CBOE,
MMTM,State Street SPDR S&P 1500 Momentum Tilt ETF,fund,us,AMEX,
ETHO,Amplify Etho Climate Leadership U.S. ETF,fund,us,AMEX,
MTRA,Invesco International Growth Focus ETF,fund,us,CBOE,
MUNY,Vanguard New York Tax-Exempt Bond ETF,fund,us,CBOE,
IG,Principal Investment Grade Corporate Active ETF,fund,us,AMEX,
NVD,GraniteShares 2x Short NVDA Daily ETF,fund,us,NASDAQ,
TSLW,Roundhill TSLA WeeklyPay ETF,fund,us,CBOE,
LOUP,Innovator Deepwater Frontier Tech ETF,fund,us,AMEX,
IBCA,iShares iBonds Dec 2035 Term Corporate ETF,fund,us,AMEX,
QLV,FlexShares US Quality Low Volatility Index Fund,fund,us,AMEX,
ELCV,Eventide High Dividend ETF,fund,us,AMEX,
SMIZ,Zacks Small/Mid Cap ETF,fund,us,AMEX,
BITI,ProShares Short Bitcoin ETF,fund,us,AMEX,
ADPV,Adaptiv Select ETF,fund,us,AMEX,
TOLZ,ProShares DJ Brookfield Global Infrastructure ETF,fund,us,AMEX,
AVDS,Avantis International Small Cap Equity ETF,fund,us,AMEX,
HDUS,Hartford Disciplined US Equity ETF,fund,us,AMEX,
ORR,Militia Long/Short Equity ETF,fund,us,NASDAQ,
FBOT,Fidelity Disruptive Automation ETF,fund,us,NASDAQ,
CLOB,VanEck AA-BB CLO ETF,fund,us,AMEX,
MAMB,Monarch Ambassador Income Index ETF,fund,us,CBOE,
PCI,PGIM Corporate Bond 5-10 Year ETF,fund,us,CBOE,
SPTB,State Street SPDR Portfolio Treasury ETF,fund,us,AMEX,
MSMR,McElhenny Sheffield Managed Risk ETF,fund,us,CBOE,
GLOF,iShares Global Equity Factor ETF,fund,us,AMEX,
UDN,Invesco DB US Dollar Index Bearish Fund,fund,us,AMEX,
WEEK,Roundhill Weekly T-Bill ETF,fund,us,CBOE,
BNDC,FlexShares Core Select Bond Fund Core Select Bond Fund,fund,us,AMEX,
IYRI,NEOS Real Estate High Income ETF,fund,us,CBOE,
CTIF,Castellan Targeted Income ETF,fund,us,CBOE,
FBY,YieldMax META Option Income Strategy ETF,fund,us,AMEX,
AVMU,Avantis Core Municipal Fixed Income ETF,fund,us,AMEX,
FRI,First Trust S&P REIT Index Fund,fund,us,AMEX,
ZJUL,Innovator Equity Defined Protection ETF - 1 Yr July,fund,us,CBOE,
AUGW,AllianzIM U.S. Large Cap Buffer20 Aug ETF,fund,us,AMEX,
SDFI,AB Short Duration Income ETF,fund,us,AMEX,
JIII,Janus Henderson Income ETF,fund,us,AMEX,
ZSEP,Innovator Equity Defined Protection ETF - 1 Yr September,fund,us,CBOE,
AESR,Anfield U.S. Equity Sector Rotation ETF,fund,us,CBOE,
UAE,iShares MSCI UAE ETF,fund,us,NASDAQ,
UCRD,VictoryShares Corporate Bond ETF,fund,us,NASDAQ,
FPXI,First Trust International Equity Opportunities ETF,fund,us,NASDAQ,
GGME,Invesco Next Gen Media and Gaming ETF,fund,us,AMEX,
TMFM,Motley Fool Mid-Cap Growth ETF,fund,us,CBOE,
NEBX,Tradr 2X Long NBIS Daily ETF,fund,us,CBOE,
OGIG,ALPS O'Shares Global Internet Giants ETF,fund,us,CBOE,
MGMT,Ballast Small/Mid Cap ETF,fund,us,AMEX,
XJUN,FT Vest U.S. Equity Enhance & Moderate Buffer ETF - June,fund,us,CBOE,
IQSZ,Invesco Global Equity Net Zero ETF,fund,us,AMEX,
XBAP,Innovator U.S. Equity Accelerated 9 Buffer ETF - April,fund,us,CBOE,
DBB,Invesco DB Base Metals Fund,fund,us,AMEX,
RSPM,Invesco S&P 500 Equal Weight Materials ETF,fund,us,AMEX,
LEXI,Alexis Practical Tactical ETF,fund,us,NASDAQ,
PSDM,PGIM Short Duration Multi-Sector Bond ETF,fund,us,CBOE,
GDMN,WisdomTree Efficient Gold Plus Gold Miners Strategy Fund,fund,us,CBOE,
FTNJ,Franklin New Jersey Municipal Income ETF,fund,us,AMEX,
STXG,Strive 1000 Growth ETF,fund,us,NYSE,
EJUL,Innovator Emerging Markets Power Buffer ETF - July,fund,us,AMEX,
SIXJ,AllianzIM U.S. Large Cap 6 Month Buffer10 Jan/Jul ETF,fund,us,AMEX,
TSCV,Thrivent Small Cap Value ETF,fund,us,AMEX,
PBD,Invesco Global Clean Energy ETF,fund,us,AMEX,
CWVX,Tradr 2X Long CRWV Daily ETF,fund,us,CBOE,
PSCH,Invesco S&P SmallCap Health Care ETF,fund,us,NASDAQ,
PZT,Invesco New York AMT-Free Municipal Bond ETF,fund,us,AMEX,
PLTM,GraniteShares Platinum Trust,fund,us,AMEX,
ERTH,Invesco MSCI Sustainable Future ETF,fund,us,AMEX,
IVVM,iShares Large Cap Moderate Quarterly Laddered ETF,fund,us,CBOE,
DGRE,WisdomTree Emerging Markets Quality Dividend Growth Fund,fund,us,NASDAQ,
LDSF,First Trust Low Duration Strategic Focus ETF,fund,us,NASDAQ,
JULU,AllianzIM U.S. Equity Buffer15 Uncapped Jul ETF,fund,us,CBOE,
VTEL,Vanguard Long-Term Tax-Exempt Bond ETF,fund,us,CBOE,
DJIA,Global X Dow 30 Covered Call ETF,fund,us,AMEX,
GLDI,"UBS AG ETRACS Gold Shares Covered Call ETNs due February 2, 2033",fund,us,NASDAQ,
FMUB,Fidelity Municipal Bond Opportunities ETF,fund,us,NASDAQ,
GSC,Goldman Sachs Small Cap Equity ETF,fund,us,AMEX,
EMMF,WisdomTree Emerging Markets Multifactor Fund,fund,us,AMEX,
IEUS,iShares MSCI Europe Small-Cap ETF,fund,us,NASDAQ,
HERO,Global X Video Games & Esports ETF,fund,us,NASDAQ,
TSPY,TappAlpha SPY Growth & Daily Income ETF,fund,us,NASDAQ,
TPZ,Tortoise Essential Energy Fund,fund,us,NYSE,
BTCW,WisdomTree Bitcoin Fund,fund,us,CBOE,
MFSB,MFS Active Core Plus Bond ETF,fund,us,NYSE,
RVNU,Xtrackers Municipal Infrastructure Revenue Bond ETF,fund,us,AMEX,
SBAR,Simplify Barrier Income ETF,fund,us,AMEX,
PGJ,Invesco Golden Dragon China ETF,fund,us,NASDAQ,
ONOF,Global X Adaptive U.S. Risk Management ETF,fund,us,AMEX,
BLST,Bluemonte Short Term Bond ETF,fund,us,AMEX,
BJUN,Innovator U.S. Equity Buffer ETF - June,fund,us,CBOE,
VGMS,Vanguard Multi-Sector Income Bond ETF,fund,us,CBOE,
BLTD,Bluemonte Long Term Bond ETF,fund,us,AMEX,
DOG,ProShares Short Dow30,fund,us,AMEX,
MSFO,YieldMax MSFT Option Income Strategy ETF,fund,us,AMEX,
GOLY,Strategy Shares Gold Enhanced Yield ETF,fund,us,CBOE,
IONX,Defiance Daily Target 2X Long IONQ ETF,fund,us,NASDAQ,
FBCV,Fidelity Blue Chip Value ETF,fund,us,CBOE,
HAPS,Harbor Human Capital Factor US Small Cap ETF,fund,us,AMEX,
IHYF,Invesco High Yield Bond Factor ETF,fund,us,NASDAQ,
HIDV,AB US High Dividend ETF,fund,us,AMEX,
IBUY,Amplify Online Retail ETF,fund,us,AMEX,
IEZ,iShares U.S. Oil Equipment & Services ETF,fund,us,AMEX,
HTUS,Capitol Series Trust - Hull Tactical US ETF,fund,us,CBOE,
BSMW,Invesco BulletShares 2032 Municipal Bond ETF,fund,us,NASDAQ,
PHEQ,Parametric Hedged Equity ETF,fund,us,AMEX,
SPRX,Spear Alpha ETF,fund,us,NASDAQ,
BSMV,Invesco BulletShares 2031 Municipal Bond ETF,fund,us,NASDAQ,
SOCL,Global X Social Media ETF,fund,us,NASDAQ,
XHE,State Street SPDR S&P Health Care Equipment ETF,fund,us,AMEX,
EFFI,Harbor Osmosis International Resource Efficient ETF,fund,us,AMEX,
IWMY,Defiance R2000 Enhanced Options Income ETF,fund,us,AMEX,
JABS,Janus Henderson Asset-Backed Securities ETF,fund,us,AMEX,
IPO,Renaissance IPO ETF,fund,us,AMEX,
BUFT,FT Vest Buffered Allocation Defensive ETF,fund,us,CBOE,
GCAL,Goldman Sachs Dynamic California Municipal Income ETF,fund,us,AMEX,
PSCI,Invesco S&P SmallCap Industrials ETF,fund,us,NASDAQ,
EDGH,3EDGE Dynamic Hard Assets ETF,fund,us,AMEX,
ZOCT,Innovator Equity Defined Protection ETF - 1 Yr October,fund,us,CBOE,
PJFG,PGIM Jennison Focused Growth ETF,fund,us,AMEX,
ACVF,American Conservative Values ETF,fund,us,AMEX,
GSEE,Goldman Sachs MarketBeta Emerging Markets Equity ETF,fund,us,CBOE,
EVIM,Eaton Vance Intermediate Municipal Income ETF,fund,us,AMEX,
CHAU,Direxion Daily CSI 300 China A Share Bull 2X Shares,fund,us,AMEX,
RFDI,First Trust Riverfront Dynamic Developed International ETF,fund,us,NASDAQ,
DUST,Direxion Daily Gold Miners Index Bear 2x Shares,fund,us,AMEX,
HIMZ,Defiance Daily Target 2X Long HIMS ETF,fund,us,NASDAQ,
QQMG,Invesco ESG NASDAQ 100 ETF,fund,us,NASDAQ,
CHGX,Stance Sustainable Beta ETF,fund,us,NASDAQ,
FAAR,First Trust Alternative Absolute Return Strategy ETF,fund,us,NASDAQ,
SPFF,Global X SuperIncome Preferred ETF,fund,us,AMEX,
SDSI,American Century Short Duration Strategic Income ETF,fund,us,NASDAQ,
TAIL,Cambria Tail Risk ETF,fund,us,CBOE,
MBCC,Monarch Blue Chips Core Index ETF,fund,us,CBOE,
FYT,First Trust Small Cap Value AlphaDEX Fund,fund,us,NASDAQ,
IDGT,iShares U.S. Digital Infrastructure and Real Estate ETF,fund,us,AMEX,
AOHY,Angel Oak High Yield Opportunities ETF,fund,us,NASDAQ,
XTN,State Street SPDR S&P Transportation ETF,fund,us,AMEX,
MARM,FT Vest U.S. Equity Max Buffer ETF - March,fund,us,CBOE,
KAUG,Innovator US Small Cap Power Buffer ETF - August,fund,us,CBOE,
IRE,Defiance Daily Target 2X Long IREN ETF,fund,us,AMEX,
GKAT,Scharf Global Opportunity ETF,fund,us,NASDAQ,
SWP,SWP Growth & Income ETF,fund,us,NASDAQ,
IGBH,iShares Interest Rate Hedged Long-Term Corporate Bond ETF,fund,us,AMEX,
GBF,iShares Government/Credit Bond ETF,fund,us,AMEX,
DUNK,Dana Unconstrained Equity ETF,fund,us,AMEX,
FFUT,Fidelity Managed Futures ETF,fund,us,NASDAQ,
MSTZ,T-Rex 2X Inverse MSTR Daily Target ETF,fund,us,CBOE,
SEPU,AllianzIM U.S. Equity Buffer15 Uncapped Sep ETF,fund,us,CBOE,
CGIB,Capital Group International Bond ETF (USD-Hedged),fund,us,AMEX,
IDNA,iShares Genomics Immunology and Healthcare ETF,fund,us,AMEX,
PSTP,Innovator Power Buffer Step-Up Strategy ETF,fund,us,AMEX,
VEGN,US Vegan Climate ETF,fund,us,CBOE,
NVDW,Roundhill NVDA WeeklyPay ETF,fund,us,CBOE,
ECML,Euclidean Fundamental Value ETF,fund,us,AMEX,
KOCT,Innovator U.S. Small Cap Power Buffer ETF - October,fund,us,CBOE,
AGRW,Allspring LT Large Growth ETF,fund,us,AMEX,
SMOG,VanEck Low Carbon Energy ETF,fund,us,AMEX,
SHOC,Strive U.S. Semiconductor ETF,fund,us,NYSE,
SMCO,Hilton Small-MidCap Opportunity ETF,fund,us,NASDAQ,
YSEP,FT Vest International Equity Moderate Buffer ETF - September,fund,us,CBOE,
FID,First Trust S&P International Dividend Aristocrats ETF,fund,us,NASDAQ,
PTBD,Pacer Trendpilot US Bond ETF,fund,us,AMEX,
ECOW,Pacer Emerging Markets Cash Cows 100 ETF,fund,us,NASDAQ,
SOLZ,Solana ETF,fund,us,NASDAQ,
ONEZ,TrueShares Seasonality Laddered Buffered ETF,fund,us,CBOE,
XBJL,Innovator U.S. Equity Accelerated 9 Buffer ETF - July,fund,us,CBOE,
BSMC,Brandes U.S. Small-Mid Cap Value ETF,fund,us,CBOE,
EFFE,Harbor Osmosis Emerging Markets Resource Efficient ETF,fund,us,AMEX,
ESUM,Eventide US Market ETF,fund,us,AMEX,
CPAI,Counterpoint Quantitative Equity ETF,fund,us,NYSE,
STXT,Strive Total Return Bond ETF,fund,us,NYSE,
GLIN,VanEck India Growth Leaders ETF,fund,us,AMEX,
FAZ,Direxion Daily Financial Bear 3X Shares,fund,us,AMEX,
DIVN,Horizon Dividend Income ETF,fund,us,CBOE,
DEW,WisdomTree Global High Dividend Fund,fund,us,AMEX,
BLES,Inspire Global Hope ETF,fund,us,AMEX,
WCBR,WisdomTree Cybersecurity Fund,fund,us,NASDAQ,
QYLG,Global X Nasdaq 100 Covered Call & Growth ETF,fund,us,NASDAQ,
IVVB,iShares Large Cap Deep Quarterly Laddered ETF,fund,us,CBOE,
LGDX,Intech S&P Large Cap Diversified Alpha ETF,fund,us,AMEX,
AEMS,Anfield Enhanced Market ETF,fund,us,CBOE,
MJ,Amplify Alternative Harvest ETF,fund,us,AMEX,
GMUB,Goldman Sachs Municipal Income ETF,fund,us,AMEX,
TFPN,Blueprint Chesapeake Multi-Asset Trend ETF,fund,us,AMEX,
IZRL,ARK Israel Innovative Technology ETF,fund,us,CBOE,
PIE,Invesco Dorsey Wright Emerging Markets Momentum ETF,fund,us,NASDAQ,
FNGG,Direxion Daily NYSE FANG+ Bull 2X Shares,fund,us,AMEX,
CSRE,Cohen & Steers Real Estate Active ETF,fund,us,AMEX,
BNDI,NEOS Enhanced Income Aggregate Bond ETF,fund,us,AMEX,
ESG,FlexShares STOXX US ESG Select Index Fund,fund,us,CBOE,
EMKT,Lazard Emerging Markets Opportunities ETF,fund,us,AMEX,
ENDW,Cambria Endowment Style ETF,fund,us,NASDAQ,
TDSC,ETC Cabana Target Drawdown 10 ETF,fund,us,NASDAQ,
KCCA,KraneShares California Carbon Allowance Strategy ETF,fund,us,AMEX,
MVV,ProShares Ultra MidCap400,fund,us,AMEX,
WEAT,Teucrium Wheat Fund,fund,us,AMEX,
IYLD,iShares Morningstar Multi-Asset Income ETF,fund,us,CBOE,
SCDV,Bahl & Gaynor Small Cap Dividend ETF,fund,us,AMEX,
MBOX,Freedom Day Dividend ETF,fund,us,AMEX,
SLX,VanEck Steel ETF,fund,us,AMEX,
BAMG,Brookstone Growth Stock ETF,fund,us,CBOE,
EMXF,iShares ESG Advanced MSCI EM ETF,fund,us,NASDAQ,
SPYA,Twin Oak Endure ETF,fund,us,CBOE,
EDC,Direxion Daily MSCI Emerging Markets Bull 3x Shares,fund,us,AMEX,
RNIN,Bushido Capital US SMID Cap Equity ETF,fund,us,NASDAQ,
ZAUG,Innovator Equity Defined Protection ETF - 1 Yr August,fund,us,CBOE,
NCIQ,Hashdex Nasdaq Crypto Index US ETF,fund,us,NASDAQ,
PTH,Invesco Dorsey Wright Healthcare Momentum ETF,fund,us,NASDAQ,
NFLY,YieldMax NFLX Option Income Strategy ETF,fund,us,AMEX,
JHPI,John Hancock Preferred Income ETF,fund,us,AMEX,
SBIT,ProShares UltraShort Bitcoin ETF,fund,us,AMEX,
APOC,Innovator Equity Defined Protection ETF - 6mo Apr/Oct,fund,us,CBOE,
MQQQ,Tradr 2X Long Innovation 100 Monthly ETF,fund,us,NASDAQ,
BKCG,BNY Mellon Concentrated Growth ETF,fund,us,AMEX,
RFIX,Simplify Bond Bull ETF,fund,us,AMEX,
SPYT,Defiance S&P 500 Target Income ETF,fund,us,AMEX,
TRTY,Cambria Trinity ETF,fund,us,CBOE,
GBUG,Sprott Active Gold & Silver Miners ETF,fund,us,NASDAQ,
ERNZ,TrueShares Active Yield ETF,fund,us,NASDAQ,
NCLO,Nuveen AA-BBB CLO ETF,fund,us,AMEX,
UMAR,Innovator U.S. Equity Ultra Buffer ETF - March,fund,us,CBOE,
LEGR,First Trust Indxx Innovative Transaction & Process ETF,fund,us,NASDAQ,
CGV,Conductor Global Equity Value ETF,fund,us,NYSE,
ABEQ,Absolute Select Value ETF,fund,us,AMEX,
CHPY,YieldMax Semiconductor Portfolio Option Income ETF,fund,us,AMEX,
DWUS,AdvisorShares Dorsey Wright FSM US Core ETF,fund,us,NASDAQ,
PY,Principal Value ETF,fund,us,NASDAQ,
DXIV,Dimensional International Vector Equity ETF,fund,us,AMEX,
FLJH,Franklin FTSE Japan Hedged ETF,fund,us,AMEX,
EOCT,Innovator Emerging Markets Power Buffer ETF - October,fund,us,AMEX,
KLIP,KraneShares KWEB Covered Call Strategy ETF,fund,us,AMEX,
AVGX,Defiance Daily Target 2X Long AVGO ETF,fund,us,NASDAQ,
IMOM,Alpha Architect International Quantitative Momentum ETF,fund,us,NASDAQ,
DVAL,BrandywineGLOBAL - Dynamic US Large Cap Value ETF,fund,us,NASDAQ,
YMAR,FT Vest International Equity Moderate Buffer,fund,us,CBOE,
XRPR,REX-Osprey XRP ETF,fund,us,CBOE,
EETH,ProShares Ether ETF,fund,us,AMEX,
CSHP,iShares Enhanced Short-Term Bond Active ETF,fund,us,AMEX,
GMOM,Cambria Global Momentum ETF,fund,us,CBOE,
UFO,Procure Space ETF,fund,us,NASDAQ,
VSDB,Vanguard Short Duration Bond ETF,fund,us,CBOE,
BMDL,VictoryShares WestEnd Economic Cycle Bond ETF,fund,us,NASDAQ,
INDS,Pacer Industrial Real Estate ETF,fund,us,AMEX,
FRTY,Alger Mid Cap 40 ETF,fund,us,AMEX,
ZFEB,Innovator Equity Defined Protection ETF - 1 Yr February,fund,us,CBOE,
PRIV,SPDR SSGA IG Public & Private Credit ETF,fund,us,AMEX,
HECA,Hedgeye Capital Allocation ETF,fund,us,AMEX,
FEUS,FlexShares ESG & Climate US Large Cap Core Index Fund,fund,us,AMEX,
FAB,First Trust Multi Cap Value AlphaDEX Fund,fund,us,NASDAQ,
TSEC,Touchstone Securitized Income ETF,fund,us,AMEX,
GRW,TCW Durable Growth ETF,fund,us,NASDAQ,
OKLL,Defiance Daily Target 2x Long OKLO ETF,fund,us,NASDAQ,
RGTZ,Defiance Daily Target 2x Short RGTI ETF,fund,us,NASDAQ,
IDVZ,Opal International Dividend Income ETF,fund,us,CBOE,
CRTC,Xtrackers US National Critical Technologies ETF,fund,us,AMEX,
AIEQ,Amplify AI Powered Equity ETF,fund,us,AMEX,
SNTH,MRP SynthEquity ETF,fund,us,AMEX,
LGRO,Level Four Large Cap Growth Active ETF,fund,us,NASDAQ,
SSPY,Stratified LargeCap Index ETF,fund,us,AMEX,
SMAX,iShares Large Cap Max Buffer Sep ETF,fund,us,CBOE,
OWNS,CCM Affordable Housing MBS ETF,fund,us,AMEX,
CRPT,First Trust SkyBridge Crypto Industry & Digital Economy ETF,fund,us,AMEX,
GLRY,Inspire Faithward Mid Cap Momentum ETF,fund,us,AMEX,
FLEE,Franklin FTSE Europe ETF,fund,us,AMEX,
DALI,First Trust Dorsey Wright DALI Equity ETF,fund,us,NASDAQ,
COLO,Global X MSCI Colombia ETF,fund,us,AMEX,
MFEM,PIMCO RAFI Dynamic Multi-Factor Emerging Markets Equity ETF,fund,us,AMEX,
SEPZ,TrueShares Structured Outcome September ETF,fund,us,CBOE,
HBTA,Horizon Expedition Plus ETF,fund,us,AMEX,
ZNOV,Innovator Equity Defined Protection ETF - 1 Yr November,fund,us,CBOE,
NEMD,Neuberger Berman Emerging Markets Debt Hard Currency ETF,fund,us,AMEX,
ISRA,VanEck Israel ETF,fund,us,AMEX,
GOEX,Global X Gold Explorers ETF,fund,us,AMEX,
GSEU,Goldman Sachs ActiveBeta Europe Equity ETF,fund,us,AMEX,
SPUC,Simplify US Equity PLUS Upside Convexity ETF,fund,us,AMEX,
MSSS,Monarch Select Subsector ETF Fund,fund,us,CBOE,
CVY,Invesco Zacks Multi-Asset Income ETF,fund,us,AMEX,
XRPT,Volatility Shares Trust XRP 2X ETF,fund,us,NASDAQ,
VCOB,Voya Core Bond ETF,fund,us,AMEX,
VUSI,Voya Ultra Short Income ETF,fund,us,AMEX,
DECT,AllianzIM U.S. Large Cap Buffer10 Dec ETF,fund,us,AMEX,
BRZU,Direxion Daily MSCI Brazil Bull 2X Shares,fund,us,AMEX,
TECS,Direxion Daily Technology Bear 3X Shares,fund,us,AMEX,
QQQU,Direxion Daily Magnificent 7 Bull 2X Shares,fund,us,AMEX,
GIND,Goldman Sachs India Equity ETF,fund,us,NASDAQ,
CSTK,Invesco Comstock Contrarian Equity ETF,fund,us,CBOE,
OPER,ClearShares Ultra-Short Maturity ETF,fund,us,AMEX,
XRP,Bitwise XRP ETF,fund,us,AMEX,
TRIO,MC Trio Equity Buffered ETF,fund,us,CBOE,
GSOL,Grayscale Solana Trust ETF,fund,us,AMEX,
LSAF,LeaderShares AlphaFactor US Core Equity ETF,fund,us,AMEX,
MVFG,Monarch Volume Factor Global Unconstrained Index ETF,fund,us,CBOE,
PIFI,ClearShares Piton Intermediate Fixed Income ETF,fund,us,AMEX,
FTXN,First Trust Nasdaq Oil & Gas ETF,fund,us,NASDAQ,
RSPR,Invesco S&P 500 Equal Weight Real Estate ETF,fund,us,AMEX,
FDLS,Inspire Fidelis Multi Factor ETF,fund,us,AMEX,
FMCX,FM Focus Equity ETF,fund,us,AMEX,
PSQO,Palmer Square Credit Opportunities ETF,fund,us,AMEX,
GPZ,VanEck Alternative Asset Manager ETF,fund,us,AMEX,
TSOL,21Shares Solana ETF,fund,us,CBOE,
SPVU,Invesco S&P 500 Enhanced Value ETF,fund,us,AMEX,
FVC,First Trust Dorsey Wright Dynamic Focus 5 ETF,fund,us,NASDAQ,
SNOV,FT Vest U.S. Small Cap Moderate Buffer ETF - November,fund,us,CBOE,
NUHY,Nuveen ESG High Yield Corporate Bond ETF,fund,us,AMEX,
TRPA,Hartford AAA CLO ETF,fund,us,CBOE,
RSSY,Return Stacked U.S. Stocks & Futures Yield ETF,fund,us,CBOE,
YLDE,Franklin ClearBridge Enhanced Income ETF,fund,us,NASDAQ,
INCE,Franklin Income Equity Focus ETF,fund,us,AMEX,
JGRW,Jensen Quality Growth ETF,fund,us,AMEX,
VYLD,Inverse Vix Short-Term Futures ETN,fund,us,AMEX,
NVYY,GraniteShares YieldBOOST NVDA ETF,fund,us,NASDAQ,
HIPS,GraniteShares HIPS US High Income ETF,fund,us,AMEX,
STXE,Strive Emerging Markets Ex-China ETF,fund,us,NYSE,
BUFS,FT Vest Laddered Small Cap Moderate Buffer ETF,fund,us,CBOE,
GTOS,Invesco Short Duration Total Return Bond ETF,fund,us,CBOE,
EMTL,State Street DoubleLine Emerging Markets Fixed Income ETF,fund,us,CBOE,
EMEQ,Macquarie Focused Emerging Markets Equity ETF,fund,us,NASDAQ,
PCLG,Polen Focus Growth ETF,fund,us,AMEX,
IQSHF,iShares USD Corp Bond Interest Rate Hedged UCITS ETF USD,fund,us,OTC,
CLSM,ETC Cabana Target Leading Sector Moderate ETF,fund,us,NASDAQ,
SBND,Columbia Short Duration Bond ETF,fund,us,AMEX,
UPGD,Invesco Bloomberg Analyst Rating Improvers ETF,fund,us,AMEX,
OPPJ,WisdomTree Japan Opportunities Fund,fund,us,NASDAQ,
IBIE,iShares iBonds Oct 2028 Term TIPS ETF,fund,us,AMEX,
MILN,Global X Millennial Consumer ETF,fund,us,NASDAQ,
FCVT,First Trust SSI Strategic Convertible Securities ETF,fund,us,NASDAQ,
SGLC,SGI U.S. Large Cap Core ETF,fund,us,AMEX,
FFND,One Global ETF,fund,us,AMEX,
SIXS,ETC 6 Meridian Small Cap Equity ETF,fund,us,AMEX,
SAUG,FT Vest U.S. Small Cap Moderate Buffer ETF - August,fund,us,CBOE,
DSMC,Distillate Small/Mid Cash Flow ETF,fund,us,NYSE,
HYSD,Columbia Short Duration High Yield ETF,fund,us,AMEX,
RINT,International Developed Equity ETF,fund,us,NASDAQ,
SOVF,Sovereign's Capital Flourish Fund,fund,us,AMEX,
IFLO,VictoryShares International Free Cash Flow ETF,fund,us,NASDAQ,
AVL,Direxion Daily AVGO Bull 2X Shares,fund,us,NASDAQ,
PFFR,InfraCap REIT Preferred ETF,fund,us,AMEX,
WEBL,Direxion Daily Dow Jones Internet Bull 3X Shares,fund,us,AMEX,
XSEP,FT Vest U.S. Equity Enhance & Moderate Buffer ETF - September,fund,us,CBOE,
UDIV,Franklin U.S. Core Dividend Tilt Index ETF,fund,us,AMEX,
SPD,Simplify US Equity PLUS Downside Convexity ETF,fund,us,AMEX,
ECNS,iShares MSCI China Small-Cap ETF,fund,us,AMEX,
BSSX,Invesco BulletShares 2033 Municipal Bond ETF,fund,us,NASDAQ,
DDTL,Innovator Equity Dual Directional 10 Buffer ETF - July,fund,us,CBOE,
PSH,PGIM Short Duration HIgh Yield ETF,fund,us,CBOE,
FYEE,Fidelity Yield Enhanced Equity ETF,fund,us,CBOE,
IDYN,iShares International Equity Factor Rotation Active ETF,fund,us,AMEX,
JPXN,iShares JPX-Nikkei 400 ETF,fund,us,AMEX,
TLCI,Touchstone International Equity ETF,fund,us,AMEX,
ACES,ALPS Clean Energy ETF,fund,us,AMEX,
BRIF,FIS Bright Portfolios Focused Equity ETF,fund,us,AMEX,
OVLH,Overlay Shares Hedged Large Cap Equity ETF,fund,us,CBOE,
KEAT,Keating Active ETF,fund,us,NASDAQ,
SMDX,Intech S&P Small-Mid Cap Diversified Alpha ETF,fund,us,AMEX,
TSEL,Touchstone Sands Capital US Select Growth ETF,fund,us,NASDAQ,
XJR,iShares ESG Select Screened S&P Small-Cap ETF,fund,us,CBOE,
RAFE,PIMCO RAFI ESG U.S. ETF,fund,us,AMEX,
YETH,Roundhill Ether Covered Call Strategy ETF,fund,us,CBOE,
LVDS,JPMorgan Fundamental Data Science Large Value ETF,fund,us,CBOE,
ACSI,American Customer Satisfaction ETF,fund,us,CBOE,
FDCF,Fidelity Disruptive Communications ETF,fund,us,NASDAQ,
RZG,Invesco S&P Smallcap 600 Pure Growth ETF,fund,us,AMEX,
SEPT,AllianzIM U.S. Large Cap Buffer10 Sep ETF,fund,us,AMEX,
TAXE,T. Rowe Price Intermediate Municipal Income ETF,fund,us,NASDAQ,
ELFY,ALPS Electrification Infrastructure ETF,fund,us,NASDAQ,
FEBW,AllianzIM U.S. Large Cap Buffer20 Feb ETF,fund,us,AMEX,
PFRL,PGIM Floating Rate Income ETF,fund,us,AMEX,
TRFM,AAM Transformers ETF,fund,us,AMEX,
FEBT,AllianzIM U.S. Large Cap Buffer10 Feb ETF,fund,us,AMEX,
AMID,Argent Mid Cap ETF,fund,us,NASDAQ,
ICOP,iShares Copper and Metals Mining ETF,fund,us,NASDAQ,
ARB,AltShares Merger Arbitrage ETF,fund,us,AMEX,
AIPO,Defiance AI & Power Infrastructure ETF,fund,us,NASDAQ,
EPHE,iShares MSCI Philippines ETF,fund,us,AMEX,
GQQQ,Astoria US Quality Growth Kings ETF,fund,us,NASDAQ,
ATFV,Alger 35 ETF,fund,us,AMEX,
ESGG,FlexShares STOXX Global ESG Select Index Fund,fund,us,CBOE,
BMVP,Invesco Bloomberg MVP Multi-factor ETF,fund,us,AMEX,
EWO,iShares MSCI Austria ETF,fund,us,AMEX,
BAMD,Brookstone Dividend Stock ETF,fund,us,CBOE,
ALTL,Pacer Lunt Large Cap Alternator ETF,fund,us,AMEX,
SCO,ProShares UltraShort Bloomberg Crude Oil,fund,us,AMEX,
CANC,Tema Oncology ETF,fund,us,NASDAQ,
TMFE,Motley Fool Capital Efficiency 100 Index ETF,fund,us,CBOE,
PBJ,Invesco Food & Beverage ETF,fund,us,AMEX,
ISEP,Innovator International Developed Power Buffer ETF - September,fund,us,AMEX,
FTRI,First Trust Indxx Global Natural Resources Income ETF,fund,us,NASDAQ,
BUL,Pacer US Cash Cows Growth ETF,fund,us,AMEX,
BNO,United States Brent Oil Fund LP,fund,us,AMEX,
UBT,ProShares Ultra 20+ Year Treasury,fund,us,AMEX,
YALL,God Bless America ETF,fund,us,AMEX,
FDIF,Fidelity Disruptors ETF,fund,us,NASDAQ,
SMAY,FT Vest U.S. Small Cap Moderate Buffer ETF - May,fund,us,CBOE,
LCAP,Principal Capital Appreciation Select ETF,fund,us,CBOE,
PFIG,Invesco Fundamental Investment Grade Corporate Bond ETF,fund,us,AMEX,
COMB,GraniteShares Bloomberg Commodity Broad Strategy No K-1 ETF,fund,us,AMEX,
AIS,VistaShares Artificial Intelligence Supercycle ETF,fund,us,AMEX,
BAMV,Brookstone Value Stock ETF,fund,us,CBOE,
AGIX,KraneShares Artificial Intelligence & Technology ETF,fund,us,NASDAQ,
UPSD,Aptus Large Cap Upside ETF,fund,us,CBOE,
SBIO,ALPS Medical Breakthroughs ETF,fund,us,AMEX,
BCUS,Bancreek U.S. Large Cap ETF,fund,us,AMEX,
NFXL,Direxion Daily NFLX Bull 2X Shares,fund,us,NASDAQ,
ITEQ,Amplify BlueStar Israel Technology ETF,fund,us,AMEX,
GHYB,Goldman Sachs Access High Yield Corporate Bond ETF,fund,us,AMEX,
SCIO,First Trust Structured Credit Income Opportunities ETF,fund,us,AMEX,
NSCI,Nuveen Securitized Income ETF,fund,us,AMEX,
TIPZ,PIMCO Broad U.S. TIPS Index ETF,fund,us,AMEX,
PAB,PGIM Active Aggregate Bond ETF,fund,us,AMEX,
ONEO,State Street SPDR Russell 1000 Momentum Focus ETF,fund,us,AMEX,
PLTZ,Defiance Daily Target 2x Short PLTR ETF,fund,us,NASDAQ,
BUZZ,VanEck Social Sentiment ETF,fund,us,AMEX,
KURE,KraneShares MSCI All China Health Care Index ETF,fund,us,AMEX,
HUSV,First Trust Horizon Managed Volatility Domestic ETF,fund,us,AMEX,
ZMAR,Innovator Equity Defined Protection ETF - 1 Yr March,fund,us,CBOE,
RSBY,Return Stacked Bonds & Futures Yield ETF,fund,us,CBOE,
SRTY,ProShares UltraPro Short Russell2000,fund,us,AMEX,
DEFR,Aptus Deferred Income ETF,fund,us,CBOE,
RVER,Trenchless Fund ETF,fund,us,AMEX,
XC,WisdomTree True Emerging Markets Fund,fund,us,AMEX,
REVS,Columbia Research Enhanced Value ETF,fund,us,AMEX,
PSMO,Pacer Swan SOS Moderate (October) ETF,fund,us,CBOE,
DXJJF,WisdomTree Japan Equity UCITS ETF Hedged USD,fund,us,OTC,
EMBX,VanEck Emerging Markets Bond ETF,fund,us,AMEX,
STNC,Hennessy Sustainable ETF,fund,us,NASDAQ,
RIET,Hoya Capital High Dividend Yield ETF,fund,us,AMEX,
ETHD,ProShares UltraShort Ether ETF,fund,us,AMEX,
SARK,Tradr 1X Short Innovation Daily ETF,fund,us,NASDAQ,
IBIG,iShares iBonds Oct 2030 Term TIPS ETF,fund,us,AMEX,
QLTI,GMO International Quality ETF,fund,us,AMEX,
MBSD,FlexShares Disciplined Duration MBS Index Fund,fund,us,AMEX,
FLMB,Franklin Municipal Green Bond ETF,fund,us,AMEX,
NVOX,Defiance Daily Target 2X Long NVO ETF,fund,us,AMEX,
ZDEK,Innovator Equity Defined Protection ETF - 1 Yr December,fund,us,CBOE,
SPYC,Simplify US Equity PLUS Convexity ETF,fund,us,AMEX,
BTGD,STKd 100% Bitcoin & 100% Gold ETF,fund,us,NASDAQ,
BLUI,Bluemonte Diversified Income ETF,fund,us,AMEX,
SPBU,AllianzIM Buffer15 Uncapped Allocation ETF,fund,us,CBOE,
EEMX,SPDR MSCI Emerging Markets Fossil Fuel Free ETF,fund,us,AMEX,
AGZD,WisdomTree Interest Rate Hedged U.S. Aggregate Bond Fund,fund,us,NASDAQ,
NNOV,Innovator Growth-100 Power Buffer ETF - November,fund,us,CBOE,
VGHY,Vanguard High-Yield Active ETF,fund,us,CBOE,
EJAN,Innovator Emerging Markets Power Buffer ETF January,fund,us,AMEX,
EVX,VanEck Environmental Services ETF,fund,us,AMEX,
BKF,iShares MSCI BIC ETF,fund,us,AMEX,
LPRE,Long Pond Real Estate Select ETF,fund,us,AMEX,
FXB,Invesco CurrencyShares British Pound Sterling Trust,fund,us,AMEX,
WCPB,Weitz Core Plus Bond ETF,fund,us,AMEX,
FITE,State Street SPDR S&P Kensho Future Security ETF,fund,us,AMEX,
XOCT,FT Vest U.S. Equity Enhance & Moderate Buffer ETF - October,fund,us,CBOE,
LCLG,Logan Capital Broad Innovative Growth ETF,fund,us,AMEX,
XBJA,Innovator U.S. Equity Accelerated 9 Buffer ETF - January,fund,us,CBOE,
AFMC,First Trust Active Factor Mid Cap ETF,fund,us,AMEX,
PSMJ,Pacer Swan SOS Moderate (July) ETF,fund,us,CBOE,
GMMF,iShares Government Money Market ETF,fund,us,AMEX,
BATT,Amplify Lithium & Battery Technology ETF,fund,us,AMEX,
NHYM,Nuveen High Yield Municipal Income ETF,fund,us,AMEX,
CPSL,Calamos Laddered S&P 500 Structured Alt Protection ETF,fund,us,CBOE,
EMCB,WisdomTree Emerging Markets Corporate Bond Fund,fund,us,NASDAQ,
JHCB,John Hancock Corporate Bond ETF,fund,us,AMEX,
TTEQ,T. Rowe Price Technology ETF,fund,us,NASDAQ,
ASCI,Abrdn International Small Cap Active ETF,fund,us,NASDAQ,
RISN,Inspire Tactical Balanced ESG ETF,fund,us,AMEX,
ASTX,Tradr 2X Long ASTS Daily ETF,fund,us,CBOE,
ELD,WisdomTree Emerging Markets Local Debt Fund,fund,us,AMEX,
NVBW,AllianzIM U.S. Large Cap Buffer20 Nov ETF,fund,us,AMEX,
MID,American Century Mid Cap Growth Impact ETF,fund,us,AMEX,
AFK,VanEck Africa Index ETF,fund,us,AMEX,
MMLG,First Trust Multi-Manager Large Growth ETF,fund,us,AMEX,
FDNI,First Trust Dow Jones International Internet ETF,fund,us,NASDAQ,
IBIK,iShares iBonds Oct 2034 Term TIPS ETF,fund,us,AMEX,
HERD,Pacer Cash Cows Fund of Funds ETF,fund,us,NASDAQ,
INTW,GraniteShares 2x Long INTC Daily ETF,fund,us,NASDAQ,
BUFP,PGIM Laddered S&P 500 Buffer 12 ETF,fund,us,CBOE,
SPWO,SP Funds S&P World (ex-US) ETF,fund,us,AMEX,
GLL,ProShares UltraShort Gold,fund,us,AMEX,
TSLZ,T-Rex 2X Inverse Tesla Daily Target ETF,fund,us,CBOE,
WTBN,WisdomTree Bianco Total Return Fund,fund,us,NASDAQ,
FCLD,Fidelity Cloud Computing ETF,fund,us,CBOE,
XTWY,BondBloxx Bloomberg Twenty Year Target Duration US Treasury ETF,fund,us,AMEX,
KWT,iShares MSCI Kuwait ETF,fund,us,CBOE,
SPVM,Invesco S&P 500 Value with Momentum ETF,fund,us,AMEX,
HBDC,Hilton BDC Corporate Bond ETF,fund,us,NASDAQ,
IBHJ,iShares iBonds 2030 Term High Yield and Income ETF,fund,us,CBOE,
VEGI,iShares MSCI Agriculture Producers ETF,fund,us,AMEX,
IBGA,iShares iBonds Dec 2044 Term Treasury ETF,fund,us,NASDAQ,
VETZ,Academy Veteran Bond ETF,fund,us,AMEX,
RSBT,Return Stacked Bonds & Managed Futures ETF,fund,us,CBOE,
VABS,Virtus Newfleet ABS/MBS ETF,fund,us,AMEX,
IQDY,FlexShares International Quality Dividend Dynamic Index Fund,fund,us,AMEX,
AOTG,AOT Growth and Innovation ETF,fund,us,NASDAQ,
FFTY,Innovator IBD 50 ETF,fund,us,AMEX,
RIGS,RiverFront Strategic Income Fund,fund,us,AMEX,
PSMR,Pacer Swan SOS Moderate (April) ETF,fund,us,CBOE,
RCGE,RockCreek Global Equality ETF,fund,us,NASDAQ,
UJUN,Innovator U.S. Equity Ultra Buffer ETF - June,fund,us,CBOE,
USAI,Pacer American Energy Independence ETF,fund,us,AMEX,
TYA,Simplify Intermediate Term Treasury Futures Strategy ETF,fund,us,CBOE,
LABD,Direxion Daily S&P Biotech Bear 3X Shares,fund,us,AMEX,
IFGL,iShares International Developed Real Estate ETF,fund,us,NASDAQ,
YBIT,YieldMax Bitcoin Option Income Strategy ETF,fund,us,AMEX,
BRHY,iShares High Yield Active ETF,fund,us,NASDAQ,
RFDA,RiverFront Dynamic US Dividend Advantage ETF,fund,us,AMEX,
PSL,Invesco Dorsey Wright Consumer Staples Momentum ETF,fund,us,NASDAQ,
QMMY,FT Vest Nasdaq-100 Moderate Buffer ETF - May,fund,us,CBOE,
FEUZ,First Trust Eurozone AlphaDEX ETF,fund,us,NASDAQ,
JULT,AllianzIM U.S. Large Cap Buffer10 Jul ETF,fund,us,AMEX,
XAIX,Xtrackers Artificial Intelligence and Big Data ETF,fund,us,NASDAQ,
FTPA,Franklin Pennsylvania Municipal Income ETF,fund,us,AMEX,
SMU,Tradr 2X Long SMR Daily ETF,fund,us,CBOE,
XBOC,Innovator U.S. Equity Accelerated 9 Buffer ETF - October,fund,us,CBOE,
LFSC,F/M Emerald Life Sciences Innovation ETF,fund,us,NASDAQ,
COYY,GraniteShares YieldBOOST COIN ETF,fund,us,NASDAQ,
ITWO,ProShares Russell 2000 High Income ETF,fund,us,CBOE,
EUDG,WisdomTree Europe Quality Dividend Growth Fund,fund,us,AMEX,
GINX,SGI Enhanced Global Income ETF,fund,us,NASDAQ,
XHS,State Street SPDR S&P Health Care Services ETF,fund,us,AMEX,
COIW,Roundhill COIN WeeklyPay ETF,fund,us,CBOE,
DWAW,AdvisorShares Dorsey Wright FSM All Cap World ETF,fund,us,NASDAQ,
DABS,Doubleline ABS ETF,fund,us,AMEX,
RAYE,Rayliant Quantamental Emerging Market ex-China Equity ETF,fund,us,AMEX,
DDFL,Innovator Equity Dual Directional 15 Buffer ETF - July Trust Units,fund,us,CBOE,
SPTE,SP Funds S&P Global Technology ETF,fund,us,AMEX,
AIFD,TCW Artificial Intelligence ETF,fund,us,NASDAQ,
EPRF,Innovator S&P Investment Grade Preferred ETF,fund,us,CBOE,
WDTRF,WisdomTree Japan Equity UCITS ETF AccumHedged USD,fund,us,OTC,
QABA,First Trust NASDAQ ABA Community Bank Index Fund,fund,us,NASDAQ,
MAVF,Matrix Advisors Value ETF,fund,us,AMEX,
NAUG,Innovator Growth-100 Power Buffer ETF - August,fund,us,CBOE,
TCV,Towle Value ETF,fund,us,AMEX,
RXL,ProShares Ultra Health Care,fund,us,AMEX,
DTEC,ALPS Disruptive Technologies ETF,fund,us,AMEX,
TMB,Thornburg Multi Sector Bond ETF,fund,us,NASDAQ,
BSMY,Invesco BulletShares 2034 Municipal Bond ETF,fund,us,NASDAQ,
TSLS,Direxion Daily TSLA Bear 1X Shares,fund,us,NASDAQ,
KARS,KraneShares Electric Vehicles & Future Mobility Index ETF,fund,us,AMEX,
MGOV,First Trust Intermediate Government Opportunities ETF,fund,us,AMEX,
BIB,ProShares Ultra Nasdaq Biotechnology,fund,us,NASDAQ,
DBEM,Xtrackers MSCI Emerging Markets Hedged Equity ETF,fund,us,AMEX,
KOID,KraneShares Global Humanoid and Embodied Intelligence Index ETF,fund,us,NASDAQ,
DVOL,First Trust Dorsey Wright Momentum & Low Volatility ETF,fund,us,NASDAQ,
RAYD,Rayliant Quantitative Developed Market Equity ETF,fund,us,AMEX,
GPTY,YieldMax AI & Tech Portfolio Option Income ETF,fund,us,AMEX,
PSMD,Pacer Swan SOS Moderate (January) ETF,fund,us,CBOE,
QARP,Xtrackers Russell 1000 US Quality at a Reasonable Price ETF,fund,us,AMEX,
SFEB,FT Vest U.S. Small Cap Moderate Buffer ETF - February,fund,us,CBOE,
SHAG,WisdomTree Yield Enhanced U.S. Short-Term Aggregate Bond Fund,fund,us,CBOE,
BAMU,Brookstone Ultra-Short Bond ETF,fund,us,CBOE,
XITK,State Street SPDR FactSet Innovative Technology ETF,fund,us,AMEX,
EAPR,Innovator Emerging Markets Power Buffer ETF - April,fund,us,AMEX,
PPI,Astoria Real Assets ETF,fund,us,NASDAQ,
CEPI,REX Crypto Equity Premium Income ETF,fund,us,NASDAQ,
ZSL,ProShares UltraShort Silver,fund,us,AMEX,
LSAT,Leadershares Alphafactor Tactical Focused ETF,fund,us,AMEX,
FXC,Invesco CurrencyShares Canadian Dollar Trust,fund,us,AMEX,
EUHY,iShares Euro High Yield Corporate Bond USD Hedged ETF,fund,us,CBOE,
PCL,PGIM Corporate Bond 10+ Year ETF,fund,us,CBOE,
DMAX,iShares Large Cap Max Buffer Dec ETF,fund,us,CBOE,
CVMC,Calvert US Mid-Cap Core Responsible Index ETF,fund,us,AMEX,
ONLN,ProShares Online Retail ETF,fund,us,AMEX,
MVFD,Monarch Volume Factor Dividend Tree ETF,fund,us,CBOE,
POWR,iShares U.S. Power Infrastructure ETF,fund,us,AMEX,
EMC,Global X Emerging Markets Great Consumer ETF,fund,us,AMEX,
EGGY,NestYield Dynamic Income ETF,fund,us,AMEX,
IBLC,iShares Blockchain and Tech ETF,fund,us,AMEX,
AGNG,Global X Aging Population ETF,fund,us,NASDAQ,
IFED,"ETRACS IFED Invest with the Fed TR Index ETN due September 15, 2061",fund,us,AMEX,
JANU,AllianzIM U.S. Equity Buffer15 Uncapped Jan ETF,fund,us,CBOE,
PBL,PGIM Portfolio Ballast ETF,fund,us,CBOE,
CSD,Invesco S&P Spin-Off ETF,fund,us,AMEX,
MINV,Matthews Asia Innovators Active ETF,fund,us,AMEX,
SNOY,YieldMax SNOW Option Income Strategy ETF,fund,us,AMEX,
BSCZ,Invesco BulletShares 2035 Corporate Bond ETF,fund,us,NASDAQ,
IQHI,NYLI MacKay High Income ETF,fund,us,AMEX,
FHDG,FT Vest U.S. Equity Quarterly Dynamic Buffer ETF,fund,us,CBOE,
YDEC,FT Vest International Equity Moderate Buffer ETF - December,fund,us,CBOE,
BCLO,iShares BBB-B CLO Active ETF,fund,us,NASDAQ,
DEED,First Trust Securitized Plus ETF,fund,us,AMEX,
QCOC,FT Vest Nasdaq-100 Conservative Buffer ETF - October,fund,us,CBOE,
PSCW,Pacer Swan SOS Conservative (April) ETF,fund,us,CBOE,
FXA,Invesco CurrencyShares Australian Dollar Trust,fund,us,AMEX,
BFRZ,Innovator Equity Managed 100 Buffer ETF,fund,us,AMEX,
MRNY,YieldMax MRNA Option Income Strategy ETF,fund,us,AMEX,
IBUF,Innovator International Developed 10 Buffer ETF - Quarterly,fund,us,AMEX,
ACEP,ARS Core Equity Portfolio ETF,fund,us,NASDAQ,
OAEM,OneAscent Enhanced Small and Mid Cap ETF Institutional Shs OneAscent Emerging Markets Fund,fund,us,AMEX,
IAUG,Innovator International Developed Power Buffer ETF August,fund,us,AMEX,
SURI,Simplify Propel Opportunities ETF,fund,us,AMEX,
IBTQ,iShares iBonds Dec 2035 Term Treasury ETF,fund,us,NASDAQ,
QIS,Simplify Multi-QIS Alternative ETF,fund,us,AMEX,
UGA,United States Gasoline Fund LP,fund,us,AMEX,
FSYD,Fidelity Sustainable High Yield ETF,fund,us,AMEX,
FKU,First Trust United Kingdom AlphaDEX Fund,fund,us,NASDAQ,
VEGA,AdvisorShares STAR Global Buy-Write ETF,fund,us,AMEX,
FPFD,Fidelity Preferred Securities & Income ETF,fund,us,CBOE,
QCJL,FT Vest Nasdaq-100 Conservative Buffer ETF - July,fund,us,CBOE,
GOOW,Roundhill GOOGL WeeklyPay ETF,fund,us,CBOE,
PRCS,Parnassus Core Select ETF,fund,us,NYSE,
IROC,Invesco Rochester High Yield Municipal ETF,fund,us,CBOE,
RSPC,Invesco S&P 500 Equal Weight Communication Services ETF,fund,us,AMEX,
WDTE,Defiance S&P 500 Enhanced Options & 0DTE Income ETF,fund,us,AMEX,
SPDV,AAM S&P 500 High Dividend Value ETF,fund,us,AMEX,
KDEC,Innovator U.S. Small Cap Power Buffer ETF - December,fund,us,CBOE,
PBTP,Invesco 0-5 Yr US TIPS ETF,fund,us,CBOE,
GEME,Pacific North of South EM Equity Active ETF,fund,us,NASDAQ,
MTGP,WisdomTree Mortgage Plus Bond Fund,fund,us,AMEX,
BCIL,Bancreek International Large Cap ETF,fund,us,AMEX,
BLCV,iShares Large Cap Value Active ETF,fund,us,AMEX,
LODI,AAM SLC Low Duration Income ETF,fund,us,AMEX,
PHDG,Invesco S&P 500 Downside Hedged ETF,fund,us,AMEX,
AOCT,Innovator Equity Defined Protection ETF - 2 Yr to October 2026,fund,us,CBOE,
SPXE,ProShares S&P 500 Ex-Energy ETF,fund,us,AMEX,
CSPF,Cohen & Steers Preferred and Income Opportunities Active ETF,fund,us,AMEX,
CRDT,Simplify Opportunistic Income ETF,fund,us,AMEX,
GIAX,Nicholas Global Equity and Income ETF,fund,us,AMEX,
FEDM,FlexShares ESG & Climate Developed Markets ex-US Core Index Fund,fund,us,AMEX,
EINC,VanEck Energy Income ETF,fund,us,AMEX,
TOLL,Tema Durable Quality ETF,fund,us,CBOE,
REMG,Emerging Markets Equity ETF,fund,us,NASDAQ,
APPX,Tradr 2X Long APP Daily ETF,fund,us,NASDAQ,
PXE,Invesco Energy Exploration & Production ETF,fund,us,AMEX,
UXRP,ProShares Ultra XRP ETF,fund,us,AMEX,
QAT,iShares MSCI Qatar ETF,fund,us,NASDAQ,
LQDI,iShares Inflation Hedged Corporate Bond ETF,fund,us,CBOE,
NUAG,Nuveen Enhanced Yield U.S. Aggregate Bond ETF,fund,us,AMEX,
FGM,First Trust Germany AlphaDEX Fund,fund,us,NASDAQ,
KEMX,KraneShares MSCI Emerging Markets EX China Index ETF,fund,us,AMEX,
HDGE,AdvisorShares Ranger Equity Bear ETF,fund,us,AMEX,
PBFR,PGIM Laddered S&P 500 Buffer 20 ETF,fund,us,CBOE,
ICAP,Infrastructure Capital Equity Income ETF,fund,us,AMEX,
LCR,Leuthold Core Exchange Traded Fund,fund,us,AMEX,
CIL,VictoryShares International Volatility Wtd ETF,fund,us,NASDAQ,
XV,Simplify Target 15 Distribution ETF,fund,us,AMEX,
BUFI,AB International Buffer ETF Intl Buffer ETF,fund,us,NASDAQ,
DBEZ,Xtrackers MSCI Eurozone Hedged Equity ETF,fund,us,AMEX,
ASEA,Global X FTSE Southeast Asia ETF,fund,us,AMEX,
WNTR,YieldMax MSTR Short Option Income Strategy ETF,fund,us,AMEX,
MKOR,Matthews Korea Active ETF,fund,us,AMEX,
MSTW,Roundhill MSTR WeeklyPay ETF,fund,us,CBOE,
OARK,YieldMax Innovation Option Income Strategy ETF,fund,us,AMEX,
MAGX,Roundhill Daily 2X Long Magnificent Seven ETF,fund,us,CBOE,
XDSQ,Innovator US Equity Accelerated ETF,fund,us,CBOE,
PRNT,3D Printing ETF,fund,us,CBOE,
PRAY,FIS Christian Stock Fund,fund,us,AMEX,
PYZ,Invesco Dorsey Wright Basic Materials Momentum ETF,fund,us,NASDAQ,
ENZL,iShares MSCI New Zealand ETF,fund,us,NASDAQ,
TDI,Touchstone Dynamic International ETF,fund,us,NASDAQ,
INDL,Direxion Daily MSCI India Bull 2X Shares,fund,us,AMEX,
DIG,ProShares Ultra Energy,fund,us,AMEX,
CNBS,Amplify Seymour Cannabis ETF,fund,us,AMEX,
NPFI,Nuveen Preferred and Income ETF,fund,us,NASDAQ,
XSHD,Invesco S&P SmallCap High Dividend Low Volatility ETF,fund,us,CBOE,
TSMY,YieldMax TSM Option Income Strategy ETF,fund,us,AMEX,
NJUN,Innovator Growth-100 Power Buffer ETF - June,fund,us,CBOE,
STXV,Strive 1000 Value ETF,fund,us,NYSE,
MARW,AllianzIM U.S. Large Cap Buffer20 Mar ETF,fund,us,AMEX,
PIT,VanEck Commodity Strategy ETF,fund,us,CBOE,
IBIC,iShares iBonds Oct 2026 Term TIPS ETF,fund,us,AMEX,
TMFS,Motley Fool Small-Cap Growth ETF,fund,us,CBOE,
MAYW,AllianzIM U.S. Large Cap Buffer20 May ETF,fund,us,AMEX,
RBUF,Innovator U.S. Small Cap 10 Buffer ETF - Quarterly,fund,us,CBOE,
INKM,State Street Income Allocation ETF,fund,us,AMEX,
VAMO,Cambria Value & Momentum ETF,fund,us,CBOE,
NUMI,Nuveen Municipal Income ETF,fund,us,AMEX,
AVGW,Roundhill AVGO WeeklyPay ETF,fund,us,CBOE,
BAMB,Brookstone Intermediate Bond ETF,fund,us,CBOE,
TSDD,GraniteShares 2x Short TSLA Daily ETF,fund,us,NASDAQ,
SPXN,ProShares S&P 500 Ex-Financials ETF,fund,us,AMEX,
TUGN,STF Tactical Growth & Income ETF,fund,us,NASDAQ,
FLAU,Franklin FTSE Australia ETF,fund,us,AMEX,
DDIV,First Trust Dorsey Wright Momentum & Dividend ETF,fund,us,NASDAQ,
HIDE,Alpha Architect High Inflation & Deflation ETF,fund,us,NASDAQ,
DYTA,SGI Dynamic Tactical ETF,fund,us,NASDAQ,
ISVL,iShares International Developed Small Cap Value Factor ETF,fund,us,CBOE,
FLQS,Franklin U.S. Small Cap Multifactor Index ETF,fund,us,CBOE,
MMKT,Texas Capital Government Money Market ETF,fund,us,NYSE,
MSTI,Madison Short Term Strategic Income ETF,fund,us,AMEX,
AVEE,Avantis Emerging Markets Small Cap Equity ETF,fund,us,AMEX,
FTOH,Franklin Ohio Municipal Income ETF,fund,us,AMEX,
HFGM,Unlimited HFGM Global Macro ETF,fund,us,NYSE,
LEAD,Siren DIVCON Leaders Dividend ETF,fund,us,CBOE,
MAGG,Madison Aggregate Bond ETF,fund,us,AMEX,
RDTL,GraniteShares 2x Long RDDT Daily ETF,fund,us,NASDAQ,
FLCV,Federated Hermes MDT Large Cap Value ETF,fund,us,AMEX,
PQDI,Principal Spectrum Preferred and Income ETF,fund,us,AMEX,
DDFN,Innovator Equity Dual Directional 15 Buffer ETF - November,fund,us,CBOE,
HOOG,Leverage Shares 2X Long HOOD Daily ETF,fund,us,NASDAQ,
XJAN,FT Vest U.S. Equity Enhance & Moderate Buffer ETF - January,fund,us,CBOE,
SXQG,ETC 6 Meridian Quality Growth ETF,fund,us,AMEX,
RKLX,Defiance Daily Target 2X Long RKLB ETF,fund,us,NASDAQ,
GSJY,Goldman Sachs ActiveBeta Japan Equity ETF,fund,us,AMEX,
JUNM,FT Vest U.S. Equity Max Buffer ETF - June,fund,us,CBOE,
HECO,SPDR Galaxy Hedged Digital Asset Ecosystem ETF,fund,us,NASDAQ,
MMCA,NYLI MacKay California Muni Intermediate ETF,fund,us,AMEX,
TBF,Proshares Short 20+ Year Treasury,fund,us,AMEX,
AGGA,EA Astoria Dynamic Core US Fixed Income ETF,fund,us,NASDAQ,
BKEM,BNY Mellon Emerging Markets Equity ETF,fund,us,AMEX,
GENT,Genter Capital Taxable Quality Intermediate ETF,fund,us,AMEX,
OCTU,AllianzIM U.S. Equity Buffer15 Uncapped Oct ETF,fund,us,CBOE,
EFAD,ProShares MSCI EAFE Dividend Growers ETF,fund,us,CBOE,
JUNW,AllianzIM U.S. Large Cap Buffer20 Jun ETF,fund,us,AMEX,
FCSH,Federated Hermes Short Duration Corporate ETF,fund,us,AMEX,
OASC,OneAscent Enhanced Small and Mid Cap ETF,fund,us,AMEX,
HYDR,Global X Hydrogen ETF,fund,us,NASDAQ,
EZET,Franklin Ethereum ETF,fund,us,CBOE,
KQQQ,Kurv Technology Titans Select ETF,fund,us,NASDAQ,
PDBA,Invesco Agriculture Commodity Strategy No K-1 ETF,fund,us,NASDAQ,
FCEF,First Trust Income Opportunities ETF,fund,us,NASDAQ,
THY,Toews Agility Shares Dynamic Tactical Income ETF,fund,us,AMEX,
JHHY,John Hancock High Yield ETF,fund,us,AMEX,
SOFX,Defiance Daily Target 2X Long SOFI ETF,fund,us,NASDAQ,
FDIV,MarketDesk Focused U.S. Dividend ETF,fund,us,NASDAQ,
WOMN,Impact Shares Womens Empowerment ETF,fund,us,AMEX,
UPAR,UPAR Ultra Risk Parity ETF,fund,us,AMEX,
WLTG,WealthTrust DBS Long Term Growth ETF,fund,us,NYSE,
KGRN,KraneShares MSCI China Clean Technology Index ETF,fund,us,AMEX,
MVPA,Miller Value Partners Appreciation ETF,fund,us,AMEX,
EASG,Xtrackers MSCI EAFE Selection Equity ETF,fund,us,AMEX,
STOX,Horizon Core Equity ETF,fund,us,CBOE,
JPY,Lazard Japanese Equity ETF,fund,us,NASDAQ,
FMCE,FM Compounders Equity ETF,fund,us,AMEX,
AIYY,YieldMax AI Option Income Strategy ETF,fund,us,AMEX,
STXK,Strive Small-Cap ETF,fund,us,NYSE,
GXPT,Global X PureCap MSCI Information Technology ETF,fund,us,AMEX,
JDST,Direxion Daily Junior Gold Miners Index Bear 2X Shares,fund,us,AMEX,
AMDW,Roundhill AMD WeeklyPay ETF,fund,us,CBOE,
ROAM,Hartford Multifactor Emerging Markets ETF,fund,us,AMEX,
FMED,Fidelity Disruptive Medicine ETF,fund,us,NASDAQ,
BRKU,Direxion Daily BRKB Bull 2X Shares,fund,us,NASDAQ,
INQQ,The India Internet ETF,fund,us,AMEX,
JPMB,JPMorgan USD Emerging Markets Sovereign Bond ETF,fund,us,AMEX,
PSCE,Invesco S&P SmallCap Energy ETF,fund,us,NASDAQ,
ITDC,iShares LifePath Target Date 2035 ETF USD,fund,us,AMEX,
XPAY,Roundhill S&P 500 Target 20 Managed Distribution ETF,fund,us,AMEX,
AAPW,Roundhill AAPL WeeklyPay ETF,fund,us,CBOE,
ITAN,Sparkline Intangible Value ETF,fund,us,AMEX,
EIRL,iShares MSCI Ireland ETF,fund,us,AMEX,
FLMX,Franklin FTSE Mexico ETF,fund,us,AMEX,
INTM,Invesco Intermediate Municipal ETF,fund,us,CBOE,
MIDU,Direxion Daily Mid Cap Bull 3x Shares,fund,us,AMEX,
AJUL,Innovator Equity Defined Protection ETF - 2 Yr to July 2026,fund,us,CBOE,
FCA,First Trust China AlphaDEX Fund,fund,us,NASDAQ,
CRWG,Leverage Shares 2X Long CRWV Daily ETF,fund,us,NASDAQ,
BETZ,Roundhill Sports Betting & iGaming ETF,fund,us,AMEX,
XISE,FT Vest U.S. Equity Buffer & Premium Income ETF - September,fund,us,CBOE,
IBID,iShares iBonds Oct 2027 Term TIPS ETF,fund,us,AMEX,
BFLB,BufferLABS US Equity Dynamic Buffer ETF,fund,us,CBOE,
BRLN,iShares Floating Rate Loan Active ETF,fund,us,CBOE,
GTR,WisdomTree Target Range Fund,fund,us,NASDAQ,
TDSB,ETC Cabana Target Beta ETF,fund,us,NASDAQ,
KTEC,KraneShares Hang Seng TECH Index ETF,fund,us,AMEX,
FOXY,Simplify Currency Strategy ETF,fund,us,AMEX,
NBFC,Neuberger Berman Flexible Credit Income ETF,fund,us,AMEX,
NATO,Themes Transatlantic Defense ETF,fund,us,NASDAQ,
HIBL,Direxion Daily S&P 500 High Beta Bull 3X Shares,fund,us,AMEX,
RDFI,Rareview Dynamic Fixed Income ETF,fund,us,CBOE,
KDEF,PLUS Korea Defense Industry Index ETF,fund,us,AMEX,
HISF,First Trust High Income Strategic Focus ETF,fund,us,NASDAQ,
JPMO,YieldMax JPM Option Income Strategy ETF,fund,us,AMEX,
DIVL,Madison Dividend Value ETF,fund,us,AMEX,
PRXG,Praxis Impact Large Cap Growth ETF,fund,us,AMEX,
DDX,Defined Duration 10 ETF,fund,us,CBOE,
GAA,Cambria Global Asset Allocation ETF,fund,us,CBOE,
GOP,Unusual Whales Subversive Republican Trading ETF,fund,us,CBOE,
FSCC,Federated Hermes MDT Small Cap Core ETF,fund,us,AMEX,
XYLG,Global X S&P 500 Covered Call & Growth ETF,fund,us,AMEX,
DMX,DoubleLine Multi-Sector Income ETF,fund,us,AMEX,
FTHF,First Trust Emerging Markets Human Flourishing ETF,fund,us,AMEX,
FLSW,Franklin FTSE Switzerland ETF,fund,us,AMEX,
UMAY,Innovator U.S. Equity Ultra Buffer ETF - May,fund,us,CBOE,
PGRO,Putnam Focused Large Cap Growth ETF,fund,us,AMEX,
DECZ,TrueShares Structured Outcome (December) ETF,fund,us,CBOE,
FGSM,Frontier Asset Global Small Cap Equity ETF,fund,us,AMEX,
JHCP,John Hancock Core Plus Bond ETF,fund,us,AMEX,
DYFI,IDX Dynamic Fixed Income ETF,fund,us,NASDAQ,
CATF,American Century California Municipal Bond ETF,fund,us,AMEX,
XMAG,Defiance Large Cap ex-Mag 7 ETF,fund,us,NASDAQ,
SVAL,iShares US Small Cap Value Factor ETF,fund,us,CBOE,
ATTR,Arin Tactical Tail Risk ETF,fund,us,CBOE,
XDQQ,Innovator Growth Accelerated ETF - Quarterly,fund,us,CBOE,
QBTX,Tradr 2X Long QBTS Daily ETF,fund,us,CBOE,
IWFG,NYLI Winslow Focused Large Cap Growth ETF,fund,us,AMEX,
AAPR,Innovator Equity Defined Protection ETF - 2 Yr to April 2026,fund,us,CBOE,
QMAG,FT Vest Nasdaq-100 Moderate Buffer ETF - August,fund,us,CBOE,
HBR,Canary HBAR ETF,fund,us,NASDAQ,
BGLD,FT Vest Gold Strategy Quarterly Buffer ETF,fund,us,CBOE,
GMOV,GMO US Value ETF,fund,us,AMEX,
NCPB,Nuveen Core Plus Bond ETF,fund,us,NASDAQ,
EGGQ,NestYield Visionary ETF,fund,us,NASDAQ,
QLVD,FlexShares Developed Markets ex-US Quality Low Volatility Index Fund,fund,us,AMEX,
FLEU,Franklin FTSE Eurozone ETF,fund,us,AMEX,
SJB,ProShares Short High Yield,fund,us,AMEX,
CPSM,Calamos S&P 500 Structured Alt Protection ETF,fund,us,AMEX,
AIVI,WisdomTree International AI Enhanced Value Fund,fund,us,AMEX,
CAMX,Cambiar Aggressive Value ETF,fund,us,AMEX,
OCTT,AllianzIM U.S. Large Cap Buffer10 Oct ETF,fund,us,AMEX,
SAGP,Strategas Global Policy Opportunities ETF,fund,us,AMEX,
MMSD,NYLI MacKay Muni Short Duration ETF,fund,us,AMEX,
YNOT,Horizon Digital Frontier ETF,fund,us,NASDAQ,
NVII,REX NVDA Growth & Income ETF,fund,us,CBOE,
PSQA,Palmer Square CLO Senior Debt ETF,fund,us,AMEX,
IJUN,Innovator International Developed Power Buffer ETF- June,fund,us,AMEX,
NDOW,Anydrus Advantage ETF,fund,us,CBOE,
MARO,YieldMax MARA Option Income Strategy ETF,fund,us,AMEX,
BKSE,BNY Mellon US Small Cap Core Equity ETF,fund,us,AMEX,
ABI,VictoryShares Pioneer Asset-Based Income ETF,fund,us,NASDAQ,
VTP,Vanguard Total Inflation-Protected Securities ETF,fund,us,AMEX,
BSJV,Invesco BulletShares 2031 High Yield Corporate Bond ETF,fund,us,NASDAQ,
GURU,Global X Guru Index ETF,fund,us,AMEX,
NACP,Tidal Trust III NAACP MINORITY EMPOWERMENT ETF,fund,us,AMEX,
FLCE,Frontier Asset US Large Cap Equity ETF,fund,us,AMEX,
AGQI,First Trust Active Global Quality Income ETF -VIII-,fund,us,AMEX,
SPIN,State Street US Equity Premium Income ETF,fund,us,CBOE,
XIDV,Franklin International Dividend Booster Index ETF,fund,us,AMEX,
DDFS,Innovator Equity Dual Directional 15 Buffer ETF - September,fund,us,CBOE,
DRUP,GraniteShares Nasdaq Select Disruptors ETF,fund,us,AMEX,
BBBI,BondBloxx BBB Rated 5-10 Year Corporate Bond ETF,fund,us,AMEX,
BSTP,Innovator Buffer Step-Up Strategy ETF,fund,us,AMEX,
ZJAN,Innovator Equity Defined Protection ETF - 1 Yr January,fund,us,CBOE,
SPBC,Simplify US Equity PLUS Bitcoin Strategy ETF,fund,us,NASDAQ,
COPP,Sprott Copper Miners ETF,fund,us,NASDAQ,
PRXV,Praxis Impact Large Cap Value ETF,fund,us,AMEX,
EHLS,Even Herd Long Short ETF,fund,us,NASDAQ,
FINT,Frontier Asset Total International Equity ETF,fund,us,AMEX,
RSEE,Rareview Systematic Equity ETF,fund,us,CBOE,
GRNJ,Fundstrat Granny Shots US Small- & Mid-Cap ETF,fund,us,AMEX,
HYIN,WisdomTree Private Credit and Alternative Income Fund,fund,us,CBOE,
IBIF,iShares iBonds Oct 2029 Term TIPS ETF,fund,us,AMEX,
AMZW,Roundhill AMZN WeeklyPay ETF,fund,us,CBOE,
METW,Roundhill META WeeklyPay ETF,fund,us,CBOE,
EMOP,AB Emerging Markets Opportunities ETF,fund,us,AMEX,
PFI,Invesco Dorsey Wright Financial Momentum ETF,fund,us,NASDAQ,
NBTR,Neuberger Berman Total Return Bond ETF,fund,us,AMEX,
NDIA,Global X India Active ETF,fund,us,AMEX,
PAMC,Pacer Lunt MidCap Multi-Factor Alternator ETF,fund,us,AMEX,
DRN,Direxion Daily Real Estate Bull 3x Shares,fund,us,AMEX,
TBLU,Tortoise Global Water Fund,fund,us,NYSE,
DVYA,iShares Asia/Pacific Dividend ETF,fund,us,AMEX,
HARD,Simplify Commodities Strategy No K-1 ETF,fund,us,AMEX,
CGHY,Capital Group High Yield Bond ETF,fund,us,AMEX,
IBBQ,Invesco Nasdaq Biotechnology ETF,fund,us,NASDAQ,
KSEP,Innovator U.S. Small Cap Power Buffer ETF - September,fund,us,CBOE,
CLOC,AAM Crescent CLO ETF,fund,us,AMEX,
CGGG,Capital Group U.S. Large Growth ETF,fund,us,AMEX,
RPHS,Regents Park Hedged Market Strategy ETF,fund,us,CBOE,
URE,ProShares Ultra Real Estate,fund,us,AMEX,
NORW,Global X MSCI Norway ETF,fund,us,AMEX,
DXD,ProShares UltraShort Dow30,fund,us,AMEX,
TRND,Pacer Trendpilot Fund of Funds ETF,fund,us,AMEX,
BRKW,Roundhill BRKB WeeklyPay ETF,fund,us,CBOE,
WBIY,WBI Power Factor High Dividend ETF,fund,us,AMEX,
BABO,YieldMax BABA Option Income Strategy ETF,fund,us,AMEX,
HGRO,Hedgeye Quality Growth ETF,fund,us,AMEX,
THLV,THOR Equal Weight Low Volatility ETF,fund,us,NYSE,
FFIU,UVA Unconstrained Medium-Term Fixed Income ETF,fund,us,AMEX,
KSPY,KraneShares Hedgeye Hedged Equity Index ETF,fund,us,AMEX,
SEMG,Suncoast Select Growth ETF,fund,us,AMEX,
PPEM,Putnam PanAgora ESG Emerging Markets Equity ETF,fund,us,AMEX,
PUI,Invesco Dorsey Wright Utilities Momentum ETF,fund,us,NASDAQ,
XHYT,"BondBloxx USD High Yield Bond Telecom, Media & Technology Sector ETF",fund,us,AMEX,
CVNY,YieldMax CVNA Option Income Strategy ETF,fund,us,AMEX,
DEEF,Xtrackers FTSE Developed ex US Multifactor ETF,fund,us,AMEX,
IGTR,Innovator Gradient Tactical Rotation Strategy ETF,fund,us,AMEX,
FIAT,YieldMax Short COIN Option Income Strategy ETF,fund,us,AMEX,
FEBM,FT Vest US Equity Max Buffer ETF-February,fund,us,CBOE,
MDPL,Monarch Dividend Plus ETF,fund,us,CBOE,
NBJP,Neuberger Berman Japan Equity ETF,fund,us,AMEX,
MOOD,Relative Sentiment Tactical Allocation ETF,fund,us,NASDAQ,
JANT,AllianzIM U.S. Large Cap Buffer10 Jan ETF,fund,us,AMEX,
FTWO,Strive Natural Resources and Security ETF,fund,us,NYSE,
LCF,Touchstone US Large Cap Focused ETF,fund,us,CBOE,
SOYB,Teucrium Soybean Fund,fund,us,AMEX,
XRLX,FundX Investment Conservative ETF,fund,us,AMEX,
NULC,Nuveen ESG Large-Cap ETF,fund,us,CBOE,
XAPR,FT Vest U.S. Equity Enhance & Moderate Buffer ETF - April,fund,us,CBOE,
XFLX,FundX Flexible ETF,fund,us,AMEX,
AHYB,American Century Select High Yield ETF,fund,us,AMEX,
RGTX,Defiance Daily Target 2X Long RGTI ETF,fund,us,NASDAQ,
ZJUN,Innovator Equity Defined Protection ETF - 1 Yr June,fund,us,CBOE,
ITDD,iShares LifePath Target Date 2040 ETF,fund,us,AMEX,
FTCE,First Trust New Constructs Core Earnings Leaders ETF,fund,us,AMEX,
PSTR,Peakshares Sector Rotation ETF,fund,us,NASDAQ,
EMCR,Xtrackers Emerging Markets Carbon Reduction and Climate Improvers ETF,fund,us,AMEX,
OILK,ProShares K-1 Free Crude Oil ETF of Benef Interest,fund,us,CBOE,
OBND,State Street Loomis Sayles Opportunistic Bond ETF,fund,us,CBOE,
MFSM,MFS Active Intermediate Muni Bond ETF,fund,us,NYSE,
XUDV,Franklin U.S. Dividend Booster Index ETF,fund,us,AMEX,
PSR,Invesco Active U.S. Real Estate Fund,fund,us,AMEX,
KNGZ,First Trust S&P 500 Diversified Dividend Aristocrats ETF,fund,us,NASDAQ,
HTEC,ROBO Global Healthcare Technology and Innovation ETF,fund,us,AMEX,
HRTS,Tema Heart & Health ETF,fund,us,NASDAQ,
JANZ,TrueShares Structured Outcome (January) ETF,fund,us,CBOE,
KOOL,North Shore Equity Rotation ETF,fund,us,AMEX,
FCTR,First Trust Lunt U.S. Factor Rotation ETF,fund,us,CBOE,
JOYT,JPMorgan Equity and Options Total Return ETF,fund,us,CBOE,
AHLT,American Beacon AHL Trend ETF,fund,us,AMEX,
TEMT,Tradr 2X Long TEM Daily ETF,fund,us,CBOE,
LVLN,State Street SPDR S&P Leveraged Loan ETF,fund,us,AMEX,
PIPE,Invesco SteelPath MLP & Energy Infrastructure ETF,fund,us,CBOE,
BLDG,Cambria Global Real Estate ETF,fund,us,CBOE,
CORN,Teucrium Corn Fund,fund,us,AMEX,
EBIZ,Global X E-Commerce ETF,fund,us,NASDAQ,
SIXP,AllianzIM U.S. Large Cap 6 Month Buffer10 Mar/Sep ETF,fund,us,AMEX,
OVT,Overlay Shares Short Term Bond ETF,fund,us,CBOE,
RFEM,First Trust Riverfront Dynamic Emerging Markets ETF,fund,us,NASDAQ,
QXQ,SGI Enhanced Nasdaq 100 ETF,fund,us,NASDAQ,
FHYS,Federated Hermes Short Duration High Yield ETF,fund,us,AMEX,
TYD,Direxion Daily 7-10 Year Treasury Bull 3x Shares,fund,us,AMEX,
STXD,Strive 1000 Dividend Growth ETF,fund,us,NYSE,
TCAI,Tortoise AI Infrastructure ETF,fund,us,NYSE,
GNOM,Global X Genomics & Biotechnology ETF,fund,us,NASDAQ,
NMB,Simplify National Muni Bond ETF,fund,us,AMEX,
ARP,PMV Adaptive Risk Parity ETF,fund,us,AMEX,
IQM,Franklin Intelligent Machines ETF,fund,us,CBOE,
QSIG,WisdomTree U.S. Short Term Corporate Bond Fund,fund,us,CBOE,
WLDR,Affinity World Leaders Equity ETF,fund,us,CBOE,
RBIL,F/m Ultrashort Treasury Inflation-Protected Security (TIPS) ETF,fund,us,NASDAQ,
KBWR,Invesco KBW Regional Banking ETF,fund,us,NASDAQ,
SIXZ,AllianzIM U.S. Large Cap 6 Month Buffer10 May/Nov ETF,fund,us,AMEX,
XYZY,YieldMax XYZ Option Income Strategy ETF,fund,us,AMEX,
XJUL,FT Vest U.S. Equity Enhance & Moderate Buffer ETF - July,fund,us,CBOE,
UPSX,Tradr 2X Long UPST Daily ETF,fund,us,CBOE,
FLGR,Franklin FTSE Germany ETF,fund,us,AMEX,
USOY,Defiance Oil Enhanced Options Income ETF,fund,us,NASDAQ,
LST,Leuthold Select Industries ETF,fund,us,AMEX,
FSCS,First Trust SMID Capital Strength ETF,fund,us,NASDAQ,
NSEP,Innovator Growth-100 Power Buffer ETF - September,fund,us,CBOE,
LQDB,iShares BBB Rated Corporate Bond ETF,fund,us,AMEX,
URSP,ProShares Ultra S&P 500 Equal Weight,fund,us,AMEX,
QVOY,Q3 All-Season Active Rotation ETF,fund,us,CBOE,
DBE,Invesco DB Energy Fund,fund,us,AMEX,
VTG,Vanguard Total Treasury ETF,fund,us,AMEX,
MRAL,GraniteShares 2x Long MARA Daily ETF,fund,us,NASDAQ,
DEMZ,Democratic Large Cap Core ETF,fund,us,NASDAQ,
NVDD,Direxion Daily NVDA Bear 1X Shares,fund,us,NASDAQ,
HYRM,Xtrackers Risk Managed USD High Yield Strategy ETF,fund,us,AMEX,
VIXM,ProShares VIX Mid-Term Futures ETF,fund,us,CBOE,
SRHR,SRH REIT Covered Call ETF,fund,us,AMEX,
XOMO,YieldMax XOM Option Income Strategy ETF,fund,us,AMEX,
GROZ,Zacks Focus Growth ETF,fund,us,CBOE,
TEKY,Lazard Next Gen Technologies ETF,fund,us,NASDAQ,
HQGO,Hartford US Quality Growth ETF,fund,us,NASDAQ,
PAWZ,ProShares Pet Care ETF,fund,us,CBOE,
BUFY,FT Vest Laddered International Moderate Buffer ETF,fund,us,CBOE,
ITDE,iShares LifePath Target Date 2045 ETF USD,fund,us,AMEX,
JDVI,John Hancock Disciplined Value International Select ETF,fund,us,AMEX,
PSFD,Pacer Swan SOS Flex (January) ETF,fund,us,CBOE,
CGVV,Capital Group U.S. Large Value ETF,fund,us,AMEX,
HEAL,Global X HealthTech ETF,fund,us,NASDAQ,
ARLU,AllianzIM U.S. Equity Buffer15 Uncapped Apr ETF,fund,us,CBOE,
PSCQ,Pacer Swan SOS Conservative (October) ETF,fund,us,CBOE,
FMET,Fidelity Metaverse ETF,fund,us,NASDAQ,
ARCM,Arrow Reserve Capital Management ETF,fund,us,CBOE,
LDDR,LifeX 2035 Income Bucket ETF,fund,us,CBOE,
XUSP,Innovator Uncapped Accelerated U.S. Equity ETF,fund,us,CBOE,
VPC,Virtus Private Credit Strategy ETF,fund,us,AMEX,
WCAP,WarCap Unconstrained Equity ETF,fund,us,AMEX,
ADFI,Anfield Dynamic Fixed Income ETF,fund,us,CBOE,
NODE,VanEck Onchain Economy ETF,fund,us,CBOE,
QCJA,FT Vest Nasdaq-100 Conservative Buffer ETF - January,fund,us,CBOE,
VEXC,Vanguard Emerging Markets Ex-China ETF,fund,us,AMEX,
IHY,VanEck International High Yield Bond ETF,fund,us,AMEX,
CSNR,Cohen & Steers Natural Resources Active ETF,fund,us,AMEX,
KNOV,Innovator U.S. Small Cap Power Buffer ETF - November,fund,us,CBOE,
PUSH,PGIM Ultra Short Municipal Bond ETF,fund,us,AMEX,
CPSA,Calamos S&P 500 Structured Alt Protection ETF August,fund,us,AMEX,
NFLW,Roundhill NFLX WeeklyPay ETF,fund,us,CBOE,
SURE,AdvisorShares Insider Advantage ETF,fund,us,AMEX,
TWM,ProShares UltraShort Russell2000,fund,us,AMEX,
LLYX,Defiance Daily Target 2X Long LLY ETF,fund,us,AMEX,
EVYM,Eaton Vance High Income Municipal ETF,fund,us,NASDAQ,
LKOR,FlexShares Credit-Scored US Long Corporate Bond Index Fund,fund,us,CBOE,
INEQ,Columbia International Equity Income ETF,fund,us,AMEX,
FLCC,Federated Hermes MDT Large Cap Core ETF,fund,us,AMEX,
AVMA,Avantis Moderate Allocation ETF,fund,us,AMEX,
VMAX,Hartford US Value ETF,fund,us,CBOE,
BAMA,Brookstone Active ETF,fund,us,CBOE,
DOGG,FT Vest DJIA Dogs 10 Target Income ETF,fund,us,CBOE,
AFSM,First Trust Active Factor Small Cap ETF,fund,us,AMEX,
GHTA,Goose Hollow Tactical Allocation ETF,fund,us,CBOE,
DRIP,Direxion Daily S&P Oil & Gas Exp. & Prod. Bear 2X Shares,fund,us,AMEX,
SEPI,Shelton Equity Premium Income ETF,fund,us,AMEX,
REIT,ALPS Active REIT ETF,fund,us,NASDAQ,
ITDB,iShares LifePath Target Date 2030 ETF,fund,us,AMEX,
FDFF,Fidelity Disruptive Finance ETF,fund,us,NASDAQ,
DYLD,LeaderShares Dynamic Yield ETF,fund,us,AMEX,
UXOC,FT Vest U.S. Equity Uncapped Accelerator ETF - October,fund,us,CBOE,
TOAK,Twin Oak Short Horizon Absolute Return ETF,fund,us,AMEX,
PLTD,Direxion Daily PLTR Bear 1X Shares,fund,us,NASDAQ,
FCBD,Frontier Asset Core Bond ETF,fund,us,AMEX,
GAMR,Amplify Video Game Leaders ETF,fund,us,AMEX,
TAXI,Northern Trust Intermediate Tax-Exempt Bond ETF,fund,us,NASDAQ,
FXED,Sound Enhanced Fixed Income ETF,fund,us,NYSE,
AADR,AdvisorShares Dorsey Wright ADR ETF,fund,us,NASDAQ,
DYNB,Hartford Dynamic Bond ETF,fund,us,NASDAQ,
FEMR,Fidelity Enhanced Emerging Markets ETF,fund,us,AMEX,
YCL,ProShares Ultra Yen,fund,us,AMEX,
QUBX,Tradr 2X Long QUBT Daily ETF,fund,us,CBOE,
FLLA,Franklin FTSE Latin America ETF,fund,us,AMEX,
GVLE,Goldman Sachs Value Opportunities ETF,fund,us,NASDAQ,
CPNJ,Calamos Nasdaq - 100 Structured Alt Protection ETF -June,fund,us,AMEX,
KEMQ,KraneShares Emerging Markets Consumer Technology Index ETF,fund,us,AMEX,
BEMB,iShares J.P. Morgan Broad USD Emerging Markets Bond ETF,fund,us,CBOE,
MSFW,Roundhill MSFT WeeklyPay ETF,fund,us,CBOE,
HYTI,FT Vest High Yield & Target Income ETF,fund,us,AMEX,
BOAT,SonicShares Global Shipping ETF,fund,us,AMEX,
XRMI,Global X S&P 500 Risk Managed Income ETF,fund,us,AMEX,
THMZ,Lazard Equity Megatrends ETF,fund,us,NASDAQ,
QUIZ,Zacks Quality International ETF,fund,us,AMEX,
DRV,Direxion Daily Real Estate Bear 3X Shares,fund,us,AMEX,
SPBW,AllianzIM Buffer20 Allocation ETF,fund,us,AMEX,
FEBU,AllianzIM U.S. Equity Buffer15 Uncapped Feb ETF,fund,us,CBOE,
MNBD,ALPS Intermediate Municipal Bond ETF,fund,us,AMEX,
TAFL,AB Tax-Aware Long Municipal ETF,fund,us,AMEX,
AAA,Alternative Access First Priority CLO Bond ETF,fund,us,AMEX,
ITDF,iShares LifePath Target Date 2050 ETF USD,fund,us,AMEX,
GGOV,iShares Global Government Bond USD Hedged Active ETF,fund,us,AMEX,
QEMM,SPDR MSCI Emerging Markets StrategicFactors ETF,fund,us,AMEX,
PXI,Invesco Dorsey Wright Energy Momentum ETF,fund,us,NASDAQ,
KSTR,KraneShares SSE STAR Market 50 Index ETF,fund,us,AMEX,
BAMO,Brookstone Opportunities ETF,fund,us,CBOE,
AMUB,ETRACS Alerian MLP Index ETN Class B,fund,us,AMEX,
XFEB,FT Vest U.S. Equity Enhance & Moderate Buffer ETF - February,fund,us,CBOE,
DURA,VanEck Durable High Dividend ETF,fund,us,CBOE,
MEM,Matthews Emerging Markets Equity Active ETF,fund,us,AMEX,
OEFA,ALPS - O'Shares International Developed Quality Dividend ETF,fund,us,CBOE,
ASIA,Matthews Pacific Tiger Active ETF,fund,us,AMEX,
RTRE,Rareview Total Return Bond ETF,fund,us,CBOE,
BAMY,Brookstone Yield ETF,fund,us,CBOE,
FEIG,FlexShares ESG & Climate Investment Grade Corporate Core Index Fund,fund,us,AMEX,
AMZZ,GraniteShares 2x Long AMZN Daily ETF,fund,us,NASDAQ,
FSZ,First Trust Switzerland AlphaDEX Fund,fund,us,NASDAQ,
CPSJ,Calamos S&P 500 Structured Alt Protection ETF July,fund,us,AMEX,
OZEM,Roundhill GLP-1 & Weight Loss ETF,fund,us,NASDAQ,
YGLD,Simplify Gold Strategy PLUS Income ETF,fund,us,AMEX,
DIVE,Dana Concentrated Dividend ETF,fund,us,AMEX,
NDEC,Innovator Growth-100 Power Buffer ETF - December,fund,us,CBOE,
YCS,ProShares UltraShort Yen,fund,us,AMEX,
SMOM,Symmetry Panoramic Sector Momentum ETF,fund,us,NASDAQ,
MUD,Direxion Daily MU Bear 1X Shares,fund,us,NASDAQ,
APRT,AllianzIM US Large Cap Buffer10 Apr ETF,fund,us,AMEX,
DIVS,SmartETFs Dividend Builder ETF,fund,us,AMEX,
CNXT,VanEck ChiNext ETF,fund,us,AMEX,
FBDC,FT Confluence BDC & Specialty Finance Income ETF,fund,us,AMEX,
BDRY,Breakwave Dry Bulk Shipping ETF,fund,us,AMEX,
CPSD,Calamos S&P 500 Structured Alt Protection ETF - December,fund,us,AMEX,
XIMR,FT Vest U.S. Equity Buffer & Premium Income ETF - March,fund,us,CBOE,
SDEM,Global X MSCI SuperDividend Emerging Markets ETF,fund,us,AMEX,
RILA,Indexperts Gorilla Aggressive Growth ETF,fund,us,AMEX,
FFLS,Future Fund Long/Short ETF,fund,us,AMEX,
PSCJ,Pacer Swan SOS Conservative (July) ETF,fund,us,CBOE,
SIXF,AllianzIM U.S. Large Cap 6 Month Buffer10 Feb/Aug ETF,fund,us,AMEX,
MAXI,Simplify Bitcoin Strategy PLUS Income ETF,fund,us,NASDAQ,
EGGS,NestYield Total Return Guard ETF,fund,us,AMEX,
MYCF,SPDR SSGA My2026 Corporate Bond ETF,fund,us,NASDAQ,
FCUS,Pinnacle Focused Opportunities ETF,fund,us,AMEX,
DDTN,Innovator Equity Dual Directional 10 Buffer ETF - November,fund,us,CBOE,
MUSE,TCW Multisector Credit Income ETF,fund,us,NYSE,
CCOR,Core Alternative ETF,fund,us,AMEX,
QMFE,FT Vest Nasdaq-100 Moderate Buffer ETF-February,fund,us,CBOE,
BDGS,Bridges Capital Tactical ETF,fund,us,NASDAQ,
TDAQ,TappAlpha Innovation 100 Growth & Daily Income ETF,fund,us,CBOE,
RUSC,Russell Investments U.S. Small Cap Equity ETF,fund,us,NASDAQ,
CRAK,VanEck Oil Refiners ETF,fund,us,AMEX,
QCAP,FT Vest Nasdaq-100 Conservative Buffer ETF - April,fund,us,CBOE,
NETL,Colterpoint Net Lease Real Estate ETF,fund,us,AMEX,
IDEF,iShares Defense Industrials Active ETF,fund,us,NASDAQ,
QBIG,Invesco Top QQQ ETF,fund,us,NASDAQ,
AJAN,Innovator Equity Defined Protection ETF - 2 Yr to January 2026,fund,us,CBOE,
AMAX,Adaptive Hedged Multi-Asset Income ETF,fund,us,AMEX,
IBIJ,iShares iBonds Oct 2033 Term TIPS ETF,fund,us,AMEX,
WEEUF,WisdomTree Europe Equity UCITS ETF USD Hedged Acc,fund,us,OTC,
SMST,Defiance Daily Target 2x Short MSTR ETF,fund,us,NASDAQ,
SMCL,GraniteShares 2x Long SMCI Daily ETF,fund,us,NASDAQ,
DHSB,Day Hagan Smart Buffer ETF,fund,us,AMEX,
BBCB,JPMorgan BetaBuilders USD Investment Grade Corporate Bond ETF,fund,us,AMEX,
USL,United States 12 Month Oil Fund LP,fund,us,AMEX,
ENOR,iShares MSCI Norway ETF,fund,us,CBOE,
ZTRE,F/M 3-Year Investment Grade Corporate Bond Etf,fund,us,NASDAQ,
ZAPR,Innovator Equity Defined Protection ETF - 1 Yr April,fund,us,CBOE,
NXTE,AXS Green Alpha ETF,fund,us,AMEX,
TCHI,iShares MSCI China Multisector Tech ETF,fund,us,NASDAQ,
CBOJ,Calamos Bitcoin Structured Alt Protection ETF - January,fund,us,CBOE,
CBLS,Clough Hedged Equity ETF,fund,us,AMEX,
MSFL,GraniteShares 2x Long MSFT Daily ETF,fund,us,NASDAQ,
SPBX,AllianzIM 6 Month Buffer10 Allocation ETF,fund,us,AMEX,
GXPC,Global X PureCap MSCI Communication Services ETF,fund,us,AMEX,
INOV,Innovator International Developed Power Buffer ETF November,fund,us,AMEX,
ALTY,Global X Alternative Income ETF,fund,us,NASDAQ,
EWUS,iShares MSCI United Kingdom Small Cap ETF,fund,us,CBOE,
PYPY,YieldMax PYPL Option Income Strategy ETF,fund,us,AMEX,
IBHK,iShares iBonds 2031 Term High Yield and Income ETF,fund,us,CBOE,
XFIX,F/m Opportunistic Income ETF,fund,us,NASDAQ,
TSLG,Leverage Shares 2X Long TSLA Daily ETF,fund,us,NASDAQ,
NVDQ,T-Rex 2X Inverse NVIDIA Daily Target ETF,fund,us,CBOE,
SFYF,SoFi Social 50 ETF,fund,us,AMEX,
BLCN,Siren ETF Trust Siren Nasdaq NexGen Economy ETF,fund,us,NASDAQ,
BREM,iShares Emerging Markets Bond Active ETF,fund,us,NASDAQ,
AMUU,Direxion Daily AMD Bull 2X Shares ETF,fund,us,NASDAQ,
DSTX,Distillate International Fundamental Stability & Value ETF,fund,us,NYSE,
BSR,Beacon Selective Risk ETF,fund,us,AMEX,
NFEB,Innovator Growth-100 Power Buffer ETF - February,fund,us,CBOE,
HIBS,Direxion Daily S&P 500 High Beta Bear 3X Shares,fund,us,AMEX,
UTSL,Direxion Daily Utilities Bull 3X Shares,fund,us,AMEX,
FRNW,Fidelity Clean Energy ETF,fund,us,CBOE,
DAK,Dakota Active Equity ETF,fund,us,NASDAQ,
AGGS,Harbor Disciplined Bond ETF,fund,us,AMEX,
OCTZ,TrueShares Structured Outcome (October) ETF,fund,us,CBOE,
DHDG,FT Vest U.S. Equity Quarterly 2.5 to 15 Buffer ETF,fund,us,CBOE,
CVRD,Madison Covered Call ETF,fund,us,AMEX,
ACKY,VistaShares Target 15 ACKtivist Distribution ETF,fund,us,AMEX,
IRTR,iShares LifePath Retirement ETF,fund,us,AMEX,
RSMV,Relative Strength Managed Volatility Strategy ETF 1Shs,fund,us,AMEX,
KNO,AXS Knowledge Leaders ETF,fund,us,AMEX,
WISE,Themes Generative Artificial Intelligence ETF,fund,us,NASDAQ,
OOSP,Obra Opportunistic Structured Products ETF,fund,us,AMEX,
CBTJ,Calamos Bitcoin 80 Series Structured Alt Protection ETF - January,fund,us,CBOE,
ABLD,Abacus FCF Real Assets Leaders ETF,fund,us,CBOE,
KNCT,Invesco Next Gen Connectivity ETF,fund,us,AMEX,
EUO,ProShares UltraShort Euro,fund,us,AMEX,
DIVP,Cullen Enhanced Equity Income ETF,fund,us,AMEX,
HEJD,VictoryShares Hedged Equity Income ETF,fund,us,NASDAQ,
IDX,VanEck Indonesia Index ETF,fund,us,AMEX,
DVND,Touchstone Dividend Select ETF,fund,us,AMEX,
RFLR,Innovator U.S. Small Cap Managed Floor ETF,fund,us,AMEX,
IBMT,iShares iBonds Dec 2031 Term Muni Bond ETF,fund,us,CBOE,
BRIE,MFS Blended Research International Equity ETF,fund,us,NYSE,
HYBX,TCW High Yield Bond ETF,fund,us,NYSE,
AUGT,AllianzIM U.S. Large Cap Buffer10 Aug ETF,fund,us,AMEX,
PSFJ,Pacer Swan SOS Flex (July) ETF,fund,us,CBOE,
EDGU,3EDGE Dynamic US Equity ETF,fund,us,AMEX,
XHYI,BondBloxx USD High Yield Bond Industrial Sector ETF,fund,us,AMEX,
AUGM,FT Vest U.S. Equity Max Buffer ETF - August,fund,us,CBOE,
JHMU,John Hancock Dynamic Municipal Bond ETF,fund,us,AMEX,
CEFZ,RiverNorth Active Income ETF,fund,us,CBOE,
SSXU,Strategy Shares Day Hagan Smart Sector International ETF,fund,us,AMEX,
BLCR,iShares Large Cap Core Active ETF,fund,us,NASDAQ,
EFAS,Global X MSCI SuperDividend EAFE ETF,fund,us,NASDAQ,
ABIG,Argent Large Cap ETF,fund,us,NASDAQ,
GFGF,Guru Favorite Stocks ETF,fund,us,NASDAQ,
MMAX,iShares Large Cap Max Buffer Mar ETF,fund,us,CBOE,
TRUT,VanEck Technology TruSector ETF,fund,us,NASDAQ,
XBTY,GraniteShares YieldBOOST Bitcoin ETF,fund,us,NASDAQ,
IONL,GraniteShares 2x Long IONQ Daily ETF,fund,us,NASDAQ,
CUT,Invesco MSCI Global Timber ETF,fund,us,AMEX,
SSFI,Day Hagan / Ned Davis Research Smart Sector Fixed Income ETF,fund,us,AMEX,
TUG,STF Tactical Growth ETF,fund,us,NASDAQ,
PTEU,Pacer Trendpilot European Index ETF,fund,us,CBOE,
CARZ,First Trust S-Network Future Vehicles & Technology ETF,fund,us,NASDAQ,
GABF,Gabelli Financial Services Opportunities ETF,fund,us,AMEX,
NTSE,WisdomTree Emerging Markets Efficient Core Fund,fund,us,AMEX,
FUSI,American Century Multisector Floating Income ETF,fund,us,AMEX,
CRCG,Leverage Shares 2X Long CRCL Daily ETF,fund,us,NASDAQ,
XB,BondBloxx B-Rated USD High Yield Corporate Bond ETF,fund,us,AMEX,
FLAX,Franklin FTSE Asia ex Japan ETF,fund,us,AMEX,
PSET,Principal Quality ETF,fund,us,NASDAQ,
ZMAY,Innovator Equity Defined Protection ETF - 1 Yr May,fund,us,CBOE,
CCSO,Carbon Collective Climate Solutions U.S. Equity ETF,fund,us,NASDAQ,
NUSA,Nuveen ESG 1-5 Year U.S. Aggregate Bond ETF,fund,us,AMEX,
NVBU,AllianzIM U.S. Equity Buffer15 Uncapped Nov ETF,fund,us,CBOE,
DWMF,WisdomTree International Multifactor Fund,fund,us,AMEX,
MARB,First Trust Merger Arbitrage ETF,fund,us,AMEX,
LITP,Sprott Lithium Miners ETF,fund,us,NASDAQ,
KGLD,Kurv Gold Enhanced Income ETF,fund,us,CBOE,
BTCL,T-Rex 2X Long Bitcoin Daily Target ETF,fund,us,CBOE,
TJAN,Innovator Equity Defined Protection ETF - 2 Yr to January 2027,fund,us,CBOE,
AIBU,Direxion Daily AI and Big Data Bull 2X Shares,fund,us,AMEX,
HOMZ,Hoya Capital Housing ETF,fund,us,AMEX,
QQQT,Defiance Nasdaq 100 Income Target ETF,fund,us,NASDAQ,
CVAR,Cultivar ETF,fund,us,CBOE,
XPND,First Trust Expanded Technology ETF,fund,us,AMEX,
THTA,SoFi Enhanced Yield ETF,fund,us,AMEX,
PSFO,Pacer Swan SOS Flex (October) ETF,fund,us,CBOE,
EET,ProShares Ultra MSCI Emerging Markets,fund,us,AMEX,
FOPC,Frontier Asset Opportunistic Credit ETF,fund,us,AMEX,
RSSX,Return Stacked U.S. Stocks & Gold/Bitcoin ETF,fund,us,CBOE,
NVDS,Tradr 1.5X Short NVDA Daily ETF,fund,us,NASDAQ,
SIFI,Harbor Scientific Alpha Income ETF,fund,us,AMEX,
BITS,Global X Blockchain & Bitcoin Strategy ETF,fund,us,NASDAQ,
FTXR,First Trust Nasdaq Transportation ETF,fund,us,NASDAQ,
APRJ,Innovator Premium Income 30 Barrier ETF - April,fund,us,CBOE,
NELS,Nelson Select ETF,fund,us,CBOE,
MEMX,Matthews Emerging Markets ex China Active ETF,fund,us,AMEX,
CPSN,Calamos S&P 500 Structured Alt Protection ETF - November,fund,us,AMEX,
BTR,Beacon Tactical Risk ETF,fund,us,AMEX,
LLDR,Global X Long-Term Treasury Ladder ETF,fund,us,AMEX,
CBSE,Clough Select Equity ETF,fund,us,AMEX,
WUGI,AXS Esoterica NextG Economy ETF,fund,us,CBOE,
METL,Sprott Active Metals & Miners ETF,fund,us,NASDAQ,
FDAT,Tactical Advantage ETF,fund,us,AMEX,
YOLO,AdvisorShares Pure Cannabis ETF,fund,us,AMEX,
JXX,Janus Henderson Transformational Growth ETF,fund,us,CBOE,
QIDX,Indexperts Quality Earnings Focused ETF,fund,us,AMEX,
PBSE,PGIM S&P 500 Buffer 20 ETF - September,fund,us,CBOE,
FMTM,MarketDesk Focused U.S. Momentum ETF,fund,us,NASDAQ,
IMAY,Innovator International Developed Power Buffer ETF - May,fund,us,AMEX,
DHLX,Diamond Hill Large Cap Concentrated ETF,fund,us,AMEX,
XRLV,Invesco S&P 500 ex-Rate Sensitive Low Volatility ETF,fund,us,AMEX,
MDLV,Morgan Dempsey Large Cap Value ETF,fund,us,CBOE,
SPXV,ProShares S&P 500 Ex-Health Care ETF,fund,us,AMEX,
PSCC,Invesco S&P SmallCap Consumer Staples ETF,fund,us,NASDAQ,
AWAY,Amplify Travel Tech ETF,fund,us,AMEX,
MULL,GraniteShares 2x Long MU Daily ETF,fund,us,NASDAQ,
BRKC,YieldMax BRK.B Option Income Strategy ETF,fund,us,AMEX,
COPJ,Sprott Junior Copper Miners ETF,fund,us,NASDAQ,
GAEM,Simplify Gamma Emerging Market Bond ETF,fund,us,AMEX,
NUDV,Nuveen ESG Dividend ETF,fund,us,CBOE,
NXTI,Simplify Next Intangible Core Index ETF,fund,us,CBOE,
DECM,FT Vest U.S. Equity Max Buffer ETF - December,fund,us,CBOE,
HFND,Unlimited HFND Multi-Strategy Return Tracker ETF,fund,us,NYSE,
XHYF,BondBloxx USD High Yield Bond Financial & REIT Sector ETF,fund,us,AMEX,
IBIH,iShares iBonds Oct 2031 Term TIPS ETF,fund,us,AMEX,
ROSC,Hartford Multifactor Small Cap ETF,fund,us,AMEX,
FLXN,Horizon Flexible Income ETF,fund,us,CBOE,
MINN,Mairs & Power Minnesota Municipal Bond ETF,fund,us,CBOE,
SIXD,AllianzIM U.S. Large Cap 6 Month Buffer10 Jun/Dec ETF,fund,us,AMEX,
LRNZ,"TrueShares Technology, AI & Deep Learning ETF",fund,us,AMEX,
OVB,Overlay Shares Core Bond ETF,fund,us,CBOE,
SLDR,Global X Short-Term Treasury Ladder ETF,fund,us,AMEX,
ISWN,Amplify BlackSwan ISWN ETF,fund,us,AMEX,
SLON,ProShares Ultra Solana ETF,fund,us,AMEX,
DUSL,Direxion Daily Industrials Bull 3X Shares,fund,us,AMEX,
ZHDG,Zega Buy & Hedge ETF,fund,us,AMEX,
DDTO,Innovator Equity Dual Directional 10 Buffer ETF - October,fund,us,CBOE,
CNAV,Mohr Company Nav ETF,fund,us,CBOE,
URAA,Direxion Daily Uranium Industry Bull 2X Shares,fund,us,AMEX,
PEXL,Pacer US Export Leaders ETF,fund,us,AMEX,
QQUP,Proshares Ultra QQQ Mega ETF,fund,us,NASDAQ,
GLDY,Defiance Gold Enhanced Options Income ETF,fund,us,NASDAQ,
MMSC,First Trust Multi-Manager Small Cap Opportunities ETF,fund,us,AMEX,
ASCE,Allspring SMID Core ETF,fund,us,AMEX,
LDEM,iShares ESG MSCI EM Leaders ETF,fund,us,NASDAQ,
NRES,Xtrackers Rreef Global Natural Resources Etf,fund,us,NASDAQ,
BBSB,JPMorgan BetaBuilders U.S. Treasury Bond 1-3 Year ETF,fund,us,CBOE,
GEMD,Goldman Sachs Access Emerging Markets USD Bond ETF,fund,us,CBOE,
EAOA,iShares ESG Aware 80/20 Aggressive Allocation ETF,fund,us,CBOE,
PMIO,PGIM Municipal Income Opportunities ETF,fund,us,AMEX,
GOOX,T-Rex 2X Long Alphabet Daily Target ETF,fund,us,CBOE,
CCFE,Concourse Capital Focused Equity ETF,fund,us,NASDAQ,
ICOI,Bitwise COIN Option Income Strategy ETF,fund,us,AMEX,
SQMX,FT Vest U.S. Equity Quarterly Max Buffer ETF,fund,us,CBOE,
AIVC,Amplify Bloomberg AI Value Chain ETF,fund,us,AMEX,
STBF,Performance Trust Short Term Bond ETF,fund,us,CBOE,
CPST,Calamos S&P 500 Structured Alt Protection ETF - September,fund,us,AMEX,
EMSF,Matthews Emerging Markets Sustainable Future Active ETF,fund,us,AMEX,
ROKT,State Street SPDR S&P Kensho Final Frontiers ETF,fund,us,AMEX,
CPRO,Calamos Russell 2000 Structured Alt Protection ETF - October,fund,us,AMEX,
RDYY,YieldMax RDDT Option Income Strategy ETF,fund,us,AMEX,
HTAX,Macquarie National High-Yield Municipal Bond ETF,fund,us,AMEX,
UYM,ProShares Ultra Materials,fund,us,AMEX,
TXS,Texas Capital Texas Equity Index ETF,fund,us,AMEX,
TMFX,Motley Fool Next Index ETF,fund,us,CBOE,
ZIG,Acquirers Fund,fund,us,AMEX,
SEMI,Columbia Select Technology ETF,fund,us,AMEX,
RMIF,LHA Risk-Managed Income ETF,fund,us,CBOE,
MMID,MFS Active Mid Cap ETF,fund,us,NYSE,
IIGD,Invesco Investment Grade Defensive ETF,fund,us,AMEX,
PVI,Invesco Floating Rate Municipal Income ETF,fund,us,AMEX,
DISO,YieldMax DIS Option Income Strategy ETF,fund,us,AMEX,
VSHY,Virtus Newfleet Short Duration High Yield Bond ETF,fund,us,AMEX,
LABX,Tradr 2X Long ALAB Daily ETF,fund,us,CBOE,
BTF,CoinShares Bitcoin and Ether ETF,fund,us,NASDAQ,
DVLU,First Trust Dorsey Wright Momentum & Value ETF,fund,us,NASDAQ,
OVM,Overlay Shares Municipal Bond ETF,fund,us,CBOE,
JANM,FT Vest U.S. Equity Max Buffer ETF - January,fund,us,CBOE,
HYSA,BondBloxx USD High Yield Bond Sector Rotation ETF,fund,us,AMEX,
RSPE,Invesco ESG S&P 500 Equal Weight ETF,fund,us,AMEX,
NIXT,Research Affiliates Deletions ETF,fund,us,NASDAQ,
INRO,iShares U.S. Industry Rotation Active ETF,fund,us,NASDAQ,
TESL,Simplify Volt TSLA Revolution ETF,fund,us,AMEX,
IMAR,Innovator International Developed Power Buffer ETF March,fund,us,AMEX,
EFNL,iShares MSCI Finland ETF,fund,us,CBOE,
OCTM,FT Vest U.S. Equity Max Buffer ETF - October,fund,us,CBOE,
NBIL,GraniteShares 2x Long NBIS Daily ETF,fund,us,NASDAQ,
WBIL,WBI BullBear Quality 3000 ETF,fund,us,AMEX,
IWMW,iShares Russell 2000 BuyWrite ETF,fund,us,CBOE,
QPX,AdvisorShares Q Dynamic Growth ETF,fund,us,AMEX,
MSTQ,LHA Market State Tactical Q ETF,fund,us,CBOE,
TEK,iShares Technology Opportunities Active ETF,fund,us,AMEX,
NURE,Nuveen Short-Term REIT ETF,fund,us,CBOE,
WBIG,WBI BullBear Yield 3000 ETF,fund,us,AMEX,
HUMN,Roundhill Humanoid Robotics ETF,fund,us,CBOE,
NSI,National Security Emerging Markets Index ETF,fund,us,NASDAQ,
OPEX,Tradr 2X Long OPEN Daily ETF,fund,us,CBOE,
SPXM,Azoria 500 Meritocracy ETF,fund,us,CBOE,
RETL,Direxion Daily Retail Bull 3x Shares,fund,us,AMEX,
WEEI,Westwood Salient Enhanced Energy Income ETF,fund,us,NASDAQ,
AUSM,Allspring Ultra Short Municipal ETF,fund,us,AMEX,
BBP,Virtus LifeSci Biotech Products ETF,fund,us,AMEX,
PSCX,Pacer Swan SOS Conservative (January) ETF,fund,us,CBOE,
FTBD,Fidelity Tactical Bond ETF,fund,us,AMEX,
EURL,Direxion Daily FTSE Europe Bull 3X Shares,fund,us,AMEX,
JFLI,JPMorgan Flexible Income ETF,fund,us,AMEX,
CANQ,Calamos Nasdaq Equity & Income ETF,fund,us,NASDAQ,
AMUN,Abrdn Ultra Short Muncipal Income Active ETF,fund,us,NASDAQ,
ITDG,iShares LifePath Target Date 2055 ETF,fund,us,AMEX,
AZTD,Aztlan Global Stock Selection DM SMID ETF,fund,us,AMEX,
FMQQ,FMQQ The Next Frontier Internet ETF,fund,us,AMEX,
OGSP,Obra High Grade Structured Products ETF,fund,us,AMEX,
SLTY,YieldMax Ultra Short Option Income Strategy ETF,fund,us,AMEX,
ABLG,Abacus FCF International Leaders ETF,fund,us,CBOE,
DIEM,Franklin Emerging Market Core Dividend Tilt Index ETF,fund,us,AMEX,
QDIV,Global X S&P 500 Quality Dividend ETF,fund,us,AMEX,
KMID,Virtus KAR Mid-Cap ETF,fund,us,AMEX,
PJIO,PGIM Jennison International Opportunities ETF,fund,us,AMEX,
GIGL,Goldman Sachs Corporate Bond ETF,fund,us,AMEX,
FFGX,Fidelity Fundamental Global ex-U.S. ETF,fund,us,CBOE,
HYUP,Xtrackers High Beta High Yield Bond ETF,fund,us,AMEX,
AUGU,AllianzIM U.S. Equity Buffer15 Uncapped Aug ETF,fund,us,CBOE,
FSGS,First Trust SMID Growth Strength ETF,fund,us,NASDAQ,
LMUB,iShares Long-Term National Muni Bond ETF,fund,us,AMEX,
FAI,First Trust Bloomberg Artificial Intelligence ETF,fund,us,AMEX,
JULM,FT Vest U.S. Equity Max Buffer ETF - July,fund,us,CBOE,
SEPM,FT Vest U.S. Equity Max Buffer ETF - September,fund,us,CBOE,
ASMF,Virtus Alphasimplex Managed Futures ETF,fund,us,AMEX,
MAGA,Point Bridge America First ETF,fund,us,CBOE,
MYCH,SPDR SSGA My2028 Corporate Bond ETF,fund,us,NASDAQ,
IEDI,iShares U.S. Consumer Focused ETF,fund,us,CBOE,
ZTEN,F/M 10-Year Investment Grade Corporate Bond Etf,fund,us,NASDAQ,
UFIV,US Treasury 5 Year Note ETF,fund,us,NASDAQ,
IBII,iShares iBonds Oct 2032 Term TIPS ETF,fund,us,AMEX,
WSDMF,WisdomTree Europe Equity UCITS ETF USD Hedged,fund,us,OTC,
LALT,First Trust Multi-Strategy Alternative ETF,fund,us,AMEX,
TAX,Cambria Tax Aware ETF,fund,us,NASDAQ,
EDOG,ALPS Emerging Sector Dividend Dogs ETF,fund,us,AMEX,
CTEC,Global X CleanTech ETF,fund,us,NASDAQ,
ROMO,Strategy Shares Newfound/ReSolve Robust Momentum ETF,fund,us,CBOE,
QMNV,FT Vest Nasdaq-100 Moderate Buffer ETF - November,fund,us,CBOE,
HEQQ,JPMorgan Nasdaq Hedged Equity Laddered Overlay ETF,fund,us,NASDAQ,
XAUG,FT Vest U.S. Equity Enhance & Moderate Buffer ETF - August,fund,us,CBOE,
BSJW,Invesco BulletShares 2032 High Yield Corporate Bond ETF,fund,us,NASDAQ,
YFYA,Yields for You Income Strategy A ETF,fund,us,AMEX,
PPTY,US Diversified Real Estate ETF,fund,us,AMEX,
NITE,Nightview Fund NITE,fund,us,AMEX,
OVF,Overlay Shares Foreign Equity ETF,fund,us,CBOE,
IGCB,TCW Corporate Bond ETF,fund,us,NYSE,
PYPG,Leverage Shares 2X Long PYPL Daily ETF,fund,us,NASDAQ,
NFLU,T-Rex 2X Long NFLX Daily Target ETF,fund,us,CBOE,
GLOW,VictoryShares WestEnd Global Equity ETF,fund,us,NASDAQ,
NBET,Neuberger Berman Energy Transition & Infrastructure ETF,fund,us,AMEX,
RCLO,Reckoner BBB-B CLO ETF,fund,us,AMEX,
KVLE,KraneShares Value Line Dynamic Dividend Equity Index ETF,fund,us,AMEX,
RAAA,Reckoner Yield Enhanced AAA CLO ETF,fund,us,AMEX,
ADBG,Leverage Shares 2X Long ADBE Daily ETF,fund,us,NASDAQ,
MBND,State Street Nuveen Municipal Bond ETF,fund,us,CBOE,
BTCC,Grayscale Bitcoin Covered Call ETF,fund,us,AMEX,
DIVY,Sound Equity Dividend Income ETF,fund,us,NYSE,
UST,ProShares Ultra 7-10 Year Treasury,fund,us,AMEX,
COAL,Range Global Coal Index ETF,fund,us,AMEX,
PBJA,PGIM S&P 500 Buffer 20 ETF - January,fund,us,CBOE,
UBOT,"Direxion Daily Robotics, Artificial Intelligence & Automation Index Bull 2X Shares",fund,us,AMEX,
QTAP,Innovator Growth Accelerated Plus ETF - April,fund,us,CBOE,
GYLD,Arrow Dow Jones Global Yield ETF,fund,us,NYSE,
NBDS,Neuberger Berman Disrupters ETF,fund,us,AMEX,
FDRV,Fidelity Electric Vehicles and Future Transportation ETF,fund,us,CBOE,
GXPS,Global X PureCap MSCI Consumer Staples ETF,fund,us,AMEX,
EYEG,AB Corporate Bond ETF,fund,us,NASDAQ,
PWS,Pacer WealthShield ETF,fund,us,CBOE,
OEI,Optimized Equity Income ETF,fund,us,AMEX,
ACVT,Advent Convertible Bond ETF,fund,us,AMEX,
FMNY,First Trust New York Municipal High Income ETF,fund,us,AMEX,
AVNV,Avantis All International Markets Value ETF,fund,us,AMEX,
TYLD,Cambria Tactical Yield ETF,fund,us,CBOE,
NVBT,AllianzIM U.S. Large Cap Buffer10 Nov ETF,fund,us,AMEX,
LOGO,Alpha Brands Consumption Leaders ETF,fund,us,NASDAQ,
XNAV,FundX Aggressive ETF,fund,us,AMEX,
BCIM,abrdn Bloomberg Industrial Metals Strategy K-1 Free ETF,fund,us,AMEX,
CRWL,GraniteShares 2x Long CRWD Daily ETF,fund,us,NASDAQ,
NMAR,Innovator Growth-100 Power Buffer ETF - March,fund,us,CBOE,
HSMV,First Trust Horizon Managed Volatility Small/Mid ETF,fund,us,AMEX,
EGUS,iShares ESG Aware MSCI USA Growth ETF,fund,us,CBOE,
UBRL,GraniteShares 2x Long UBER Daily ETF,fund,us,NASDAQ,
TARK,AXS 2X Innovation ETF Fund,fund,us,NASDAQ,
OWNB,Bitwise Bitcoin Standard Corporations ETF,fund,us,AMEX,
MYCI,SPDR SSGA My2029 Corporate Bond ETF,fund,us,NASDAQ,
GK,AdvisorShares Gerber Kawasaki ETF,fund,us,AMEX,
TBJL,Innovator 20+ Year Treasury Bond 9 Buffer ETF - July,fund,us,CBOE,
ABNY,YieldMax ABNB Option Income Strategy ETF,fund,us,AMEX,
PXJ,Invesco Oil & Gas Services ETF,fund,us,AMEX,
MART,AllianzIM U.S. Large Cap Buffer10 Mar ETF,fund,us,AMEX,
NJNK,Columbia U.S. High Yield ETF,fund,us,AMEX,
XIJN,FT Vest U.S. Equity Buffer & Premium Income ETF - June,fund,us,CBOE,
APRH,Innovator Premium Income 20 Barrier ETF - April,fund,us,CBOE,
LFEQ,VanEck Long/Flat Trend ETF,fund,us,AMEX,
PBJL,PGIM S&P 500 Buffer 20 ETF - July,fund,us,CBOE,
RNRG,Global X Renewable Energy Producers ETF,fund,us,NASDAQ,
TETH,21Shares Ethereum ETF,fund,us,CBOE,
AAPB,GraniteShares 2x Long AAPL Daily ETF,fund,us,NASDAQ,
RSBA,Return Stacked Bonds & Merger Arbitrage ETF,fund,us,CBOE,
CAAA,First Trust AAA CMBS ETF,fund,us,AMEX,
WDEF,WisdomTree Europe Defense Fund,fund,us,AMEX,
UTHY,US Treasury 30 Year Bond ETF,fund,us,NASDAQ,
CPRJ,Calamos Russell 2000 Structured Alt Protection ETF July,fund,us,AMEX,
CPNS,Calamos Nasdaq-100 Structured Alt Protection ETF - September,fund,us,AMEX,
STEN,iShares Large Cap 10% Target Buffer Sep ETF,fund,us,CBOE,
RFFC,ALPS Active Equity Opportunity ETF,fund,us,AMEX,
TSII,REX TSLA Growth & Income ETF,fund,us,CBOE,
DRES,GMO Domestic Resilience ETF,fund,us,AMEX,
CDIG,City Different Investments Global Equity ETF,fund,us,NASDAQ,
QLDY,Defiance Nasdaq 100 LightningSpread Income ETF,fund,us,NASDAQ,
MVLL,GraniteShares 2x Long MRVL Daily ETF,fund,us,NASDAQ,
JAPN,Horizon Kinetics Japan Owner Operator ETF,fund,us,NASDAQ,
WBIF,WBI BullBear Value 3000 ETF,fund,us,AMEX,
DRAY,YieldMax DKNG Option Income Strategy ETF,fund,us,AMEX,
CEFA,Global X S&P Catholic Values Developed ex-US ETF,fund,us,NASDAQ,
JLQD,Janus Henderson Corporate Bond ETF,fund,us,AMEX,
ADIV,SmartETFs Asia Pacific Dividend Builder ETF,fund,us,AMEX,
MADE,iShares U.S. Manufacturing ETF,fund,us,AMEX,
PCIG,Polen Capital International Growth ETF,fund,us,AMEX,
JUSA,JPMorgan U.S. Research Enhanced Large Cap ETF,fund,us,AMEX,
PRSD,State Street Short Duration IG Public & Private Credit ETF,fund,us,AMEX,
XHYC,BondBloxx USD High Yield Bond Consumer Cyclicals Sector ETF,fund,us,AMEX,
JDVL,John Hancock Disciplined Value Select ETF,fund,us,AMEX,
TSMU,GraniteShares 2x Long TSM Daily ETF,fund,us,NASDAQ,
MYCG,SPDR SSGA My2027 Corporate Bond ETF,fund,us,NASDAQ,
EAOR,iShares ESG Aware 60/40 Balanced Allocation ETF,fund,us,CBOE,
TMSF,T. Rowe Price Multi-Sector Income ETF,fund,us,NASDAQ,
XNOV,FT Vest U.S. Equity Enhance & Moderate Buffer ETF - November,fund,us,CBOE,
GMNY,Goldman Sachs Dynamic New York Municipal Income ETF,fund,us,AMEX,
CONI,GraniteShares 2x Short COIN Daily ETF,fund,us,NASDAQ,
VNAM,Global X MSCI Vietnam ETF,fund,us,AMEX,
VRTL,GraniteShares 2x Long VRT Daily ETF,fund,us,NASDAQ,
IFEB,Innovator International Developed Power Buffer ETF February,fund,us,AMEX,
RSJN,FT Vest U.S. Equity Equal Weight Buffer ETF - June,fund,us,AMEX,
DOJE,REX-Osprey DOGE ETF,fund,us,CBOE,
JOBX,Tradr 2X Long JOBY Daily ETF,fund,us,CBOE,
QETH,Invesco Galaxy Ethereum ETF,fund,us,CBOE,
NVDG,Leverage Shares 2X Long NVDA Daily ETF,fund,us,NASDAQ,
QTJA,Innovator Growth Accelerated Plus ETF - January,fund,us,CBOE,
BBIB,JPMorgan BetaBuilders U.S. Treasury Bond 3-10 Year ETF,fund,us,CBOE,
AUGZ,TrueShares Structured Outcome (August) ETF,fund,us,CBOE,
FPA,First Trust Asia Pacific ex-Japan AlphaDEX Fund,fund,us,NASDAQ,
SFYX,SoFi Next 500 ETF,fund,us,AMEX,
JNEU,AllianzIM U.S. Equity Buffer15 Uncapped June ETF,fund,us,CBOE,
APLX,Tradr 2X Long APLD Daily ETF,fund,us,CBOE,
FTDS,First Trust Dividend Strength ETF,fund,us,NASDAQ,
HDG,ProShares Hedge Replication ETF,fund,us,AMEX,
AQWA,Global X Clean Water ETF,fund,us,NASDAQ,
BRCE,MFS Blended Research Core Equity ETF,fund,us,NYSE,
SQLV,Royce Quant Small-Cap Quality Value ETF,fund,us,NASDAQ,
BESF,Bastion Energy ETF,fund,us,CBOE,
GTPE,Goldman Sachs MSCI World Private Equity Return Tracker ETF,fund,us,NASDAQ,
IBOT,Vaneck Robotics ETF,fund,us,NASDAQ,
MSOX,AdvisorShares MSOS Daily Leveraged ETF,fund,us,AMEX,
PEPS,Parametric Equity Plus ETF,fund,us,NASDAQ,
UXI,ProShares Ultra Industrials,fund,us,AMEX,
GMEY,YieldMax GME Option Income Strategy ETF,fund,us,AMEX,
AIOO,AllianzIM U.S. Equity Buffer100 Protection ETF,fund,us,CBOE,
MEDI,Harbor Health Care ETF,fund,us,AMEX,
LBAY,Leatherback Long/Short Alternative Yield ETF,fund,us,AMEX,
JEDI,Defiance Drone and Modern Warfare ETF,fund,us,AMEX,
MAYU,AllianzIM U.S. Equity Buffer15 Uncapped May ETF,fund,us,CBOE,
ASHS,Xtrackers Harvest CSI 500 China A-Shares Small Cap ETF,fund,us,AMEX,
QTJL,Innovator Growth Accelerated Plus ETF - July,fund,us,CBOE,
GMET,VanEck Green Metals ETF,fund,us,AMEX,
UMDD,ProShares UltraPro MidCap400,fund,us,AMEX,
FLOW,Global X U.S. Cash Flow Kings 100 ETF,fund,us,AMEX,
CPSF,Calamos S&P 500 Structured Alt Protection ETF - February,fund,us,AMEX,
EMM,Global X Emerging Markets ex-China ETF,fund,us,AMEX,
THEQ,T. Rowe Price Hedged Equity ETF,fund,us,AMEX,
KHYB,KraneShares Asia Pacific High Income USD Bond ETF,fund,us,AMEX,
UCIB,ETRACS CMCI Total Return ETN Series B,fund,us,AMEX,
DEEP,Acquirers Small and Micro Deep Value ETF,fund,us,AMEX,
IBIL,iShares iBonds Oct 2035 Term TIPS ETF,fund,us,AMEX,
MUSQ,MUSQ Global Music Industry Index ETF,fund,us,AMEX,
MCH,Matthews China Active ETF,fund,us,AMEX,
IREX,Tradr 2X Long IREN Daily ETF,fund,us,CBOE,
BJK,VanEck Gaming ETF,fund,us,NASDAQ,
HOYY,GraniteShares YieldBOOST HOOD ETF,fund,us,NASDAQ,
MARU,AllianzIM U.S. Equity Buffer15 Uncapped Mar ETF,fund,us,CBOE,
JULZ,TrueShares Structured Outcome (July) ETF,fund,us,CBOE,
YFFI,Indexperts Yield Focused Fixed Income ETF,fund,us,AMEX,
CRSH,YieldMax Short TSLA Option Income Strategy ETF,fund,us,AMEX,
IMST,Bitwise MSTR Option Income Strategy ETF,fund,us,AMEX,
PEZ,Invesco Dorsey Wright Consumer Cyclicals Momentum ETF,fund,us,NASDAQ,
XIDE,FT Vest U.S. Equity Buffer & Premium Income ETF - December,fund,us,CBOE,
BRF,VanEck Brazil Small-Cap ETF,fund,us,AMEX,
GUMI,Goldman Sachs Ultra Short Municipal Income ETF,fund,us,AMEX,
EWK,iShares MSCI Belgium ETF,fund,us,AMEX,
DCMT,DoubleLine Commodity Strategy ETF,fund,us,AMEX,
SRS,ProShares UltraShort Real Estate,fund,us,AMEX,
JPSV,JPMorgan Active Small Cap Value ETF,fund,us,AMEX,
AUMI,Themes Gold Miners ETF,fund,us,NASDAQ,
SNAV,Mohr Sector Nav ETF,fund,us,CBOE,
SHUS,Stratified LargeCap Hedged ETF,fund,us,AMEX,
MFUT,Cambria Chesapeake Pure Trend ETF,fund,us,CBOE,
TLTP,Amplify Bloomberg U.S. Treasury 12% Premium Income ETF,fund,us,CBOE,
HDMV,First Trust Horizon Managed Volatility Developed Intl ETF,fund,us,AMEX,
SAEF,Schwab Ariel Opportunities ETF,fund,us,AMEX,
XHYH,BondBloxx USD High Yield Bond Healthcare Sector ETF,fund,us,AMEX,
CCSB,Carbon Collective Short Duration Green Bond ETF,fund,us,NASDAQ,
AFSC,abrdn Focused U.S. Small Cap Active ETF,fund,us,NASDAQ,
DDTS,Innovator Equity Dual Directional 10 Buffer ETF - September,fund,us,CBOE,
RBLY,YieldMax RBLX Option Income Strategy ETF,fund,us,AMEX,
ELIL,Direxion Daily LLY Bull 2X Shares,fund,us,NASDAQ,
EUIG,iShares Euro Investment Grade Corporate Bond USD Hedged ETF,fund,us,CBOE,
URAN,Themes Uranium & Nuclear ETF,fund,us,CBOE,
TGLR,LAFFER TENGLER Equity Income ETF,fund,us,CBOE,
WEEL,Peerless Option Income Wheel ETF,fund,us,AMEX,
BBC,Virtus LifeSci Biotech Clinical Trials ETF,fund,us,AMEX,
AAPD,Direxion Daily AAPL Bear 1X Shares ETF,fund,us,NASDAQ,
RIFR,Russell Investments Global Infrastructure ETF,fund,us,NASDAQ,
DUKZ,Ocean Park Diversified Income ETF,fund,us,AMEX,
NERD,Roundhill Video Games ETF,fund,us,CBOE,
QBSF,AllianzIM U.S. Equity Buffer15 ETF,fund,us,CBOE,
LDRT,iShares iBonds 1-5 Year Treasury Ladder ETF,fund,us,AMEX,
PSFM,Pacer Swan SOS Flex (April) ETF,fund,us,CBOE,
XTAP,Innovator U.S. Equity Accelerated Plus ETF,fund,us,CBOE,
SPC,CrossingBridge Pre-Merger SPAC ETF,fund,us,NASDAQ,
CCEF,Calamos CEF Income & Arbitrage ETF,fund,us,AMEX,
DFVE,DoubleLine Fortune 500 Equal Weight ETF,fund,us,AMEX,
OTGL,OTG Latin America ETF,fund,us,NASDAQ,
AMOM,QRAFT AI-Enhanced U.S. Large Cap Momentum ETF,fund,us,AMEX,
ISMF,iShares Managed Futures Active ETF,fund,us,CBOE,
GSIB,Themes Global Systemically Important Banks ETF,fund,us,NASDAQ,
CBXJ,Calamos Bitcoin 90 Series Structured Alt Protection ETF - January,fund,us,CBOE,
COWS,Amplify Cash Flow Dividend Leaders ETF,fund,us,NASDAQ,
FLSA,Franklin FTSE Saudi Arabia Fund,fund,us,AMEX,
PBNV,PGIM S&P 500 Buffer 20 ETF - November,fund,us,CBOE,
QTPI,North Square RCIM Tax-Advantaged Preferred and Income Securities ETF,fund,us,AMEX,
GDOC,Future Health Care Equity ETF,fund,us,AMEX,
HELX,Franklin Genomic Advancements ETF,fund,us,CBOE,
PCHI,Polen High Income ETF,fund,us,AMEX,
CA,Xtrackers California Municipal Bond ETF,fund,us,NASDAQ,
XMAY,FT Vest U.S. Equity Enhance & Moderate Buffer ETF - May,fund,us,CBOE,
NIHI,NEOS MSCI EAFE High Income ETF,fund,us,CBOE,
MANI,Man Active Income ETF,fund,us,AMEX,
TMNS,T. Rowe Price Short Municipal Income ETF,fund,us,NASDAQ,
MYCJ,SPDR SSGA My2030 Corporate Bond ETF,fund,us,NASDAQ,
ILS,Brookmont Catastrophic Bond ETF,fund,us,AMEX,
EVHY,Eaton Vance High Yield ETF,fund,us,AMEX,
KONG,Formidable Fortress ETF,fund,us,AMEX,
JUNT,AllianzIM U.S. Large Cap Buffer10 Jun ETF,fund,us,AMEX,
DRGN,Themes China Generative Artificial Intelligence ETF,fund,us,CBOE,
CFIT,Cambria Fixed Income Trend ETF,fund,us,CBOE,
YSPY,GraniteShares YieldBOOST SPY ETF,fund,us,NASDAQ,
DRAI,Draco Evolution AI ETF,fund,us,AMEX,
KSLV,Kurv Silver Enhanced Income ETF,fund,us,CBOE,
TIIV,AAM Todd International Intrinsic Value ETF,fund,us,AMEX,
ITDH,iShares LifePath Target Date 2060 ETF USD,fund,us,AMEX,
ERY,Direxion Daily Energy Bear 2X Shares,fund,us,AMEX,
STXI,Strive International Developed Markets ETF,fund,us,NYSE,
MST,Defiance Leveraged Long Income MSTR ETF,fund,us,NASDAQ,
EFO,ProShares Ultra MSCI EAFE,fund,us,AMEX,
SOUX,Defiance Daily Target 2X Long SOUN ETF,fund,us,NASDAQ,
CRCO,YieldMax CRCL Option Income Strategy ETF,fund,us,AMEX,
GBND,Goldman Sachs Core Bond ETF,fund,us,AMEX,
USSH,WisdomTree 1-3 Year Laddered Treasury Fund,fund,us,NASDAQ,
HIYY,YieldMax HIMS Option Income Strategy ETF,fund,us,AMEX,
ZTWO,F/M 2-Year Investment Grade Corporate Bond Etf,fund,us,NASDAQ,
TSLP,Kurv Yield Prem Strategy Tesla ETF,fund,us,CBOE,
PBDE,PGIM S&P 500 Buffer 20 ETF - December,fund,us,CBOE,
AMDG,Leverage Shares 2X Long AMD Daily ETF,fund,us,NASDAQ,
PBAP,PGIM S&P 500 Buffer 20 ETF - April,fund,us,CBOE,
XHYD,BondBloxx USD High Yield Bond Consumer Non-Cyclicals Sector ETF,fund,us,AMEX,
BYRE,Principal Real Estate Active Opportunities ETF,fund,us,AMEX,
THYM,T. Rowe Price High Income Municipal ETF,fund,us,NASDAQ,
TMNL,T. Rowe Price Long Municipal Income ETF,fund,us,NASDAQ,
TTT,ProShares UltraPro Short 20+ Year Treasury,fund,us,AMEX,
SAA,ProShares Ultra SmallCap600,fund,us,AMEX,
VGVT,Vanguard Government Securities Active ETF,fund,us,AMEX,
STXM,Strive Mid-Cap ETF,fund,us,NYSE,
PBOC,PGIM S&P 500 Buffer 20 ETF - October,fund,us,CBOE,
LSEQ,Harbor Long-Short Equity ETF,fund,us,AMEX,
KMAY,Innovator U.S. Small Cap Power Buffer ETF - May,fund,us,CBOE,
MVPL,Miller Value Partners Leverage ETF,fund,us,AMEX,
MHY,Man Active High Yield ETF,fund,us,AMEX,
RW,Rainwater Equity ETF,fund,us,AMEX,
FORH,Formidable ETF,fund,us,AMEX,
QPUX,Defiance 2X Daily Long Pure Quantum ETF,fund,us,NASDAQ,
MAGC,Roundhill China Magnificent Seven ETF,fund,us,CBOE,
DLAG,FT Vest U.S. Equity Dual Directional Buffer ETF - August,fund,us,CBOE,
MFUL,Collaborative Investment - Mindful Conservative ETF,fund,us,CBOE,
JMID,Janus Henderson Mid Cap Growth Alpha ETF,fund,us,NASDAQ,
PBJN,PGIM S&P 500 Buffer 20 ETF - June,fund,us,CBOE,
BILT,iShares Infrastructure Active ETF,fund,us,CBOE,
CLCG,Crossmark Large Cap Growth ETF,fund,us,AMEX,
OCTH,Innovator Premium Income 20 Barrier ETF - October,fund,us,CBOE,
TSL,GraniteShares 1.25x Long Tesla Daily ETF,fund,us,NASDAQ,
HFEQ,Unlimited HFEQ Equity Long/Short ETF,fund,us,AMEX,
UNL,United States 12 Month Natural Gas Fund LP,fund,us,AMEX,
NOVM,FT Vest U.S. Equity Max Buffer ETF - November,fund,us,CBOE,
GPT,Intelligent Alpha Atlas ETF,fund,us,NASDAQ,
QQQD,Direxion Daily Magnificent 7 Bear 1X Shares,fund,us,AMEX,
PATN,Pacer Nasdaq International Patent Leaders ETF,fund,us,NASDAQ,
PLTG,Leverage Shares 2X Long PLTR Daily ETF,fund,us,NASDAQ,
MJSC,MUFG Japan Small Cap Active ETF,fund,us,AMEX,
INVG,GMO Systematic Investment Grade Credit ETF,fund,us,AMEX,
NOVZ,TrueShares Structured Outcome (November) ETF,fund,us,CBOE,
HAIL,State Street SPDR S&P Kensho Smart Mobility ETF,fund,us,AMEX,
TRSY,Xtrackers US 0-1 Year Treasury ETF,fund,us,CBOE,
FMKT,Free Markets ETF,fund,us,AMEX,
LQIG,State Street SPDR MarketAxess Investment Grade 400 Corporate Bond ETF,fund,us,AMEX,
GMEU,T-REX 2X Long GME Daily Target ETF,fund,us,CBOE,
TPLS,Thornburg Core Plus Bond ETF,fund,us,NASDAQ,
RAUS,RACWI US ETF,fund,us,NASDAQ,
HF,DGA Core Plus Absolute Return ETF,fund,us,NYSE,
MAYM,FT Vest U.S. Equity Max Buffer ETF - May,fund,us,CBOE,
DGIN,VanEck Digital India ETF,fund,us,AMEX,
NIKL,Sprott Nickel Miners ETF,fund,us,NASDAQ,
RINF,ProShares Inflation Expectations ETF,fund,us,AMEX,
PJFV,PGIM Jennison Focused Value ETF,fund,us,AMEX,
OCTJ,Innovator Premium Income 30 Barrier ETF - October,fund,us,CBOE,
ACGR,American Century Large Cap Growth ETF,fund,us,AMEX,
QUSA,VistaShares Target 15 USA Quality Income ETF,fund,us,AMEX,
SSG,Proshares Ultrashort Semiconductors,fund,us,AMEX,
MEMS,Matthews Emerging Markets Discovery Active ETF,fund,us,NASDAQ,
FTXH,First Trust Nasdaq Pharmaceuticals ETF,fund,us,NASDAQ,
MAYT,AllianzIM U.S. Large Cap Buffer10 May ETF,fund,us,AMEX,
KJUN,Innovator U.S. Small Cap Power Buffer ETF - June,fund,us,CBOE,
BCDF,Horizon Kinetics Blockchain Development ETF,fund,us,AMEX,
BNDS,Infrastructure Capital Bond Income ETF,fund,us,AMEX,
NRSH,Aztlan North America Nearshoring Stock Selection ETF,fund,us,AMEX,
AAVM,Alpha Architect Global Factor Equity ETF,fund,us,NASDAQ,
OCTP,PGIM S&P 500 Buffer 12 ETF - October,fund,us,CBOE,
JULH,Innovator Premium Income 20 Barrier ETF - July,fund,us,CBOE,
LTTI,FT Vest 20+ Year Treasury & Target Income ETF,fund,us,AMEX,
SAMM,Strategas Macro Momentum ETF,fund,us,AMEX,
MEME,Roundhill Meme Stock ETF,fund,us,AMEX,
MEDX,Horizon Kinetics Medical ETF,fund,us,NASDAQ,
GBXA,Goldman Sachs U.S. Large Cap Buffer 1 ETF,fund,us,CBOE,
RMNY,Rockefeller New York Municipal Bond ETF,fund,us,AMEX,
FPWR,First Trust EIP Power Solutions ETF,fund,us,AMEX,
IONZ,Defiance Daily Target 2x Short IONQ ETF,fund,us,NASDAQ,
RBLD,First Trust Alerian US NextGen Infrastructure ETF,fund,us,AMEX,
BOEU,Direxion Daily BA Bull 2X Shares,fund,us,NASDAQ,
JADE,JPMorgan Active Developing Markets Equity ETF,fund,us,AMEX,
PSCD,Invesco S&P SmallCap Consumer Discretionary ETF,fund,us,NASDAQ,
WANT,Direxion Daily Consumer Discretionary Bull 3x Shares,fund,us,AMEX,
BAIG,Leverage Shares 2X Long BBAI Daily ETF,fund,us,NASDAQ,
RFCI,Riverfront Dynamic Core Income ETF,fund,us,AMEX,
RIOX,Defiance Daily Target 2X Long RIOT ETF,fund,us,AMEX,
ZTOP,F/m High Yield 100 ETF,fund,us,NASDAQ,
TRBF,Angel Oak Total Return ETF,fund,us,NASDAQ,
QIG,WisdomTree U.S. Corporate Bond Fund,fund,us,CBOE,
QBF,Innovator Uncapped Bitcoin 20 Floor ETF - Quarterly,fund,us,CBOE,
HOOX,Defiance Daily Target 2X Long HOOD ETF,fund,us,NASDAQ,
PBQQ,PGIM Laddered Nasdaq-100 Buffer 12 ETF,fund,us,NASDAQ,
CBON,VanEck China Bond ETF,fund,us,AMEX,
FTXG,First Trust Nasdaq Food & Beverage ETF,fund,us,NASDAQ,
MFLX,First Trust Flexible Municipal High Income ETF,fund,us,NASDAQ,
XDIV,Roundhill S&P 500 No Dividend Target ETF,fund,us,CBOE,
RAYC,Rayliant Quuantamental China Equity ETF,fund,us,AMEX,
PSCF,Invesco S&P SmallCap Financials ETF,fund,us,NASDAQ,
SMHB,ETRACS 2xMonthly Pay Leveraged US Small Cap High Dividend ETN Series B,fund,us,AMEX,
USAF,Atlas America Fund,fund,us,NASDAQ,
TIME,Clockwise Core Equity & Innovation ETF,fund,us,AMEX,
RTAI,Rareview Tax Advantaged Income ETF,fund,us,CBOE,
IDEC,Innovator International Developed Power Buffer ETF December,fund,us,AMEX,
PBAU,PGIM S&P 500 Buffer 20 ETF - August,fund,us,CBOE,
XTJL,Innovator U.S. Equity Accelerated Plus ETF - July,fund,us,CBOE,
XTJA,Innovator U.S. Equity Accelerated Plus ETF - January,fund,us,CBOE,
SMLL,Harbor Active Small Cap ETF,fund,us,AMEX,
CAFG,Pacer US Small Cap Cash Cows Growth Leaders ETF,fund,us,NASDAQ,
XTOC,Innovator U.S. Equity Accelerated Plus ETF - October,fund,us,CBOE,
JULJ,Innovator Premium Income 30 Barrier ETF - July,fund,us,CBOE,
QCML,GraniteShares 2x Long QCOM Daily ETF,fund,us,NASDAQ,
PCLO,Virtus Seix AAA Private Credit CLO ETF,fund,us,AMEX,
SDTY,YieldMax S&P 500 0DTE Covered Call Strategy ETF,fund,us,NASDAQ,
PSIL,AdvisorShares Psychedelics ETF,fund,us,AMEX,
ETU,T-Rex 2X Long Ether Daily Target ETF,fund,us,CBOE,
JULB,Aptus July Buffer ETF,fund,us,CBOE,
XPP,ProShares Ultra FTSE China 50,fund,us,AMEX,
ALIL,Argent Focused Small Cap ETF,fund,us,NASDAQ,
MOTG,VanEck Morningstar Global Wide Moat ETF,fund,us,CBOE,
NEWZ,StockSnips AI-Powered Sentiment US All Cap ETF,fund,us,NASDAQ,
SPYH,NEOS S&P 500 Hedged Equity Income ETF,fund,us,CBOE,
CRMG,Leverage Shares 2X Long CRM Daily ETF,fund,us,NASDAQ,
CLSX,Tradr 2X Long CLSK Daily ETF,fund,us,CBOE,
GHMS,Goose Hollow Multi-Strategy Income ETF,fund,us,CBOE,
UPW,ProShares Ultra Utilities,fund,us,AMEX,
MEXX,Direxion Daily MSCI Mexico Bull 3X Shares,fund,us,AMEX,
GEVX,Tradr 2X Long GEV Daily ETF,fund,us,CBOE,
BWTG,Brendan Wood TopGun ETF,fund,us,CBOE,
KFEB,Innovator U.S. Small Cap Power Buffer ETF - February,fund,us,CBOE,
MARZ,TrueShares Structured Outcome (March) ETF,fund,us,CBOE,
ITDI,iShares LifePath Target Date 2065 ETF,fund,us,AMEX,
SETH,ProShares Short Ether ETF,fund,us,AMEX,
RNEM,First Trust Emerging Markets Equity Select ETF,fund,us,NASDAQ,
WABF,Western Asset Bond ETF,fund,us,NASDAQ,
PEMX,Putnam Emerging Markets ex-China ETF,fund,us,AMEX,
LCOW,Pacer S&P 500 Quality FCF Aristocrats ETF,fund,us,CBOE,
SPIT,F/m Emerald Special Situations ETF,fund,us,NASDAQ,
BUFH,FT Vest Laddered Max Buffer ETF,fund,us,CBOE,
GLDB,IDX Alternative FIAT ETF,fund,us,NASDAQ,
QRMI,Global X NASDAQ 100 Risk Managed Income ETF,fund,us,NASDAQ,
BITC,Bitwise Trendwise Bitcoin and Treasuries Rotation Strategy ETF,fund,us,AMEX,
SROI,Calamos Antetokounmpo Global Sustainable Equities ETF,fund,us,AMEX,
PBFB,PGIM S&P 500 Buffer 20 ETF - February,fund,us,CBOE,
GLIX,Lazard Listed Infrastructure ETF,fund,us,AMEX,
EXUS,Macquarie Focused International Core ETF,fund,us,NASDAQ,
QTOC,Innovator Growth Accelerated Plus ETF - October,fund,us,CBOE,
BETH,ProShares Bitcoin & Ether Market Cap Weight ETF,fund,us,AMEX,
FFEM,Fidelity Fundamental Emerging Markets ETF,fund,us,CBOE,
JANJ,Innovator Premium Income 30 Barrier ETF - January,fund,us,CBOE,
GENM,Genter Capital Municipal Quality Intermediate ETF,fund,us,AMEX,
AMDD,Direxion Daily AMD Bear 1X Shares,fund,us,NASDAQ,
SHRY,First Trust Bloomberg Shareholder Yield ETF,fund,us,NASDAQ,
RHRX,RH Tactical Rotation ETF,fund,us,AMEX,
GGM,GGM Macro Alignment ETF,fund,us,AMEX,
QDTY,YieldMax Nasdaq 100 0DTE Covered Call Strategy ETF,fund,us,NASDAQ,
LTL,ProShares Ultra Communication Services,fund,us,AMEX,
WZRD,Opportunistic Trader ETF,fund,us,CBOE,
CDEI,"Calvert US Large-Cap Diversity, Equity and Inclusion Index ETF",fund,us,AMEX,
ARCX,Tradr 2X Long ACHR Daily ETF,fund,us,CBOE,
GRN,iPath Series B Carbon Exchange-Traded Notes,fund,us,AMEX,
TXXI,BondBloxx IR+M Tax-Aware Intermediate Duration ETF,fund,us,AMEX,
MIG,VanEck Moody's Analytics IG Corporate Bond ETF,fund,us,CBOE,
QNXT,iShares Nasdaq-100 ex Top 30 ETF,fund,us,NASDAQ,
APRZ,TrueShares Structured Outcome (April) ETF,fund,us,CBOE,
RAYJ,Rayliant SMDAM Japan Equity ETF,fund,us,AMEX,
JULP,PGIM S&P 500 Buffer 12 ETF - July,fund,us,CBOE,
CPSP,Calamos S&P 500 Structured Alt Protection ETF - April,fund,us,AMEX,
FLN,First Trust Latin America AlphaDEX Fund,fund,us,NASDAQ,
EBUF,Innovator Emerging Markets 10 Buffer ETF - Quarterly Trust Units,fund,us,AMEX,
DTRE,First Trust Alerian Disruptive Technology Real Estate ETF,fund,us,AMEX,
VEMY,Virtus Stone Harbor Emerging Markets High Yield Bond ETF,fund,us,AMEX,
FEAT,YieldMax Dorsey Wright Featured 5 Income ETF,fund,us,NASDAQ,
VRAI,Virtus Real Asset Income ETF,fund,us,AMEX,
SCAP,Infrastructure Capital Small Cap Income ETF,fund,us,AMEX,
GXPD,Global X PureCap MSCI Consumer Discretionary ETF,fund,us,AMEX,
RJDI,RJ Eagle GCM Dividend Select Income ETF,fund,us,AMEX,
PBMR,PGIM S&P 500 Buffer 20 ETF - March,fund,us,CBOE,
MULT,Franklin Multisector Income ETF,fund,us,NASDAQ,
JCHI,JPMorgan Active China ETF Active China ETF,fund,us,AMEX,
GRNI,Fundstrat Granny Shots US Large Cap & Income ETF,fund,us,AMEX,
EPV,ProShares UltraShort FTSE Europe,fund,us,AMEX,
DFII,FT Vest Bitcoin Strategy & Target Income ETF,fund,us,AMEX,
TSEP,FT Vest Emerging Market Buffer ETF - September,fund,us,CBOE,
NMAY,Innovator Growth-100 Power Buffer ETF - May,fund,us,CBOE,
OVS,Overlay Shares Small Cap Equity ETF,fund,us,CBOE,
QQQP,Tradr 2X Long Innovation 100 Quarterly ETF,fund,us,NASDAQ,
KNRG,Simplify Kayne Anderson Energy and Infrastructure Credit ETF,fund,us,AMEX,
TOPC,iShares S&P 500 3% Capped ETF,fund,us,AMEX,
FBUF,Fidelity Dynamic Buffered Equity ETF,fund,us,CBOE,
QLVE,FlexShares Emerging Markets Quality Low Volatility Index Fund,fund,us,AMEX,
EMPB,Efficient Market Portfolio Plus ETF Trust Units,fund,us,AMEX,
TOKE,Cambria Cannabis ETF,fund,us,CBOE,
MYLD,Cambria Micro and SmallCap Shareholder Yield ETF,fund,us,CBOE,
HEAT,Touchstone Climate Transition ETF,fund,us,CBOE,
JHCR,John Hancock Core Bond ETF,fund,us,AMEX,
RMCA,Rockefeller California Municipal Bond ETF,fund,us,AMEX,
PJFM,PGIM Jennison Focused Mid-Cap ETF,fund,us,CBOE,
MBSX,Regan Fixed Rate MBS ETF,fund,us,AMEX,
CANE,Teucrium Sugar Fund,fund,us,AMEX,
WCME,First Trust WCM Developing World Equity ETF,fund,us,AMEX,
LENS,Sarmaya Thematic ETF,fund,us,CBOE,
BITY,Amplify Bitcoin 2% Monthly Option Income ETF,fund,us,CBOE,
TIER,T. Rowe Price International Equity Research ETF,fund,us,AMEX,
SCLZ,Swan Enhanced Dividend Income ETF,fund,us,CBOE,
DWSH,AdvisorShares Dorsey Wright Short ETF,fund,us,NASDAQ,
TMED,T. Rowe Price Health Care ETF,fund,us,NASDAQ,
FFDI,Fidelity Fundamental Developed International ETF,fund,us,CBOE,
QBTZ,Defiance Daily Target 2x Short QBTS ETF,fund,us,NASDAQ,
BDCZ,ETRACS MarketVector Business Development Companies Liquid Index ETN,fund,us,AMEX,
TAXT,Northern Trust Tax-Exempt Bond ETF,fund,us,NASDAQ,
EASY,Liberty One Defensive Dividend Growth ETF,fund,us,NASDAQ,
TAXS,Northern Trust Short-Term Tax-Exempt Bond ETF,fund,us,NASDAQ,
JHAI,Janus Henderson Global Artificial Intelligence ETF,fund,us,NASDAQ,
QSU,Defiance Daily Target 2X Long QS ETF,fund,us,AMEX,
INVN,Alger Russell Innovation ETF,fund,us,AMEX,
BIGY,YieldMax Target 12 Big 50 Option Income ETF,fund,us,AMEX,
WEBS,Direxion Daily Dow Jones Internet Bear 3X Shares,fund,us,AMEX,
TAXM,BondBloxx IR+M Tax-Aware ETF for Massachusetts Residents,fund,us,AMEX,
DTAN,Sparkline International Intangible Value ETF,fund,us,AMEX,
DUKQ,Ocean Park Domestic ETF,fund,us,AMEX,
LCDS,JPMorgan Fundamental Data Science Large Core ETF,fund,us,NASDAQ,
TEND,iShares Large Cap 10% Target Buffer Dec ETF,fund,us,CBOE,
TQQY,GraniteShares YieldBOOST QQQ ETF,fund,us,NASDAQ,
MAYZ,TrueShares Structured Outcome (May) ETF,fund,us,CBOE,
PBMY,PGIM S&P 500 Buffer 20 ETF - May,fund,us,CBOE,
SOXY,YieldMax Target 12 Semiconductor Option Income ETF,fund,us,AMEX,
SPCT,Liberty One Spectrum ETF,fund,us,NASDAQ,
TWOX,iShares Large Cap Accelerated Outcome ETF,fund,us,CBOE,
PILL,Direxion Daily Pharmaceutical & Medical Bull 3X Shares,fund,us,AMEX,
QOWZ,Invesco Nasdaq Free Cash Flow Achievers ETF,fund,us,NASDAQ,
TOCT,Innovator Equity Defined Protection ETF - 2 Yr to October 2027,fund,us,CBOE,
CORO,iShares International Country Rotation Active ETF,fund,us,NASDAQ,
XOEF,iShares S&P 500 ex S&P 100 ETF,fund,us,AMEX,
DARP,Grizzle Growth ETF,fund,us,AMEX,
USFI,BrandywineGLOBAL - U.S. Fixed Income ETF,fund,us,NASDAQ,
GCAD,Gabelli Commercial Aerospace and Defense ETF,fund,us,AMEX,
CRWU,T-REX 2X Long CRWV Daily Target ETF,fund,us,CBOE,
YQQQ,YieldMax Short N100 Option Income Strategy ETF,fund,us,NASDAQ,
LOCT,Innovator Premium Income 15 Buffer ETF - October,fund,us,CBOE,
AMYY,GraniteShares YieldBOOST AMD ETF,fund,us,NASDAQ,
SGRT,SMART Earnings Growth 30 ETF,fund,us,AMEX,
VWID,Virtus WMC International Dividend ETF,fund,us,CBOE,
WTRE,WisdomTree New Economy Real Estate Fund,fund,us,AMEX,
TGLB,T. Rowe Price Global Equity ETF,fund,us,AMEX,
TURF,T. Rowe Price Natural Resource ETF,fund,us,NASDAQ,
IVRA,Invesco Real Assets ESG ETF,fund,us,CBOE,
USG,USCF Gold Strategy Plus Income Fund ETF,fund,us,AMEX,
JUNZ,TrueShares Structured Outcome (June) ETF,fund,us,CBOE,
AVGG,Leverage Shares 2X Long AVGO Daily ETF,fund,us,NASDAQ,
FPRO,Fidelity Real Estate Investment ETF,fund,us,CBOE,
MVRL,ETRACS Monthly Pay 1.5x Leveraged Mortgage REIT ETN,fund,us,AMEX,
TBX,ProShares Short 7-10 Year Treasury,fund,us,AMEX,
MBNE,State Street Nuveen Municipal Bond ESG ETF,fund,us,CBOE,
CHPS,Xtrackers Semiconductor Select Equity ETF,fund,us,NASDAQ,
ZVOL,Volatility Premium Plus ETF,fund,us,CBOE,
CPNQ,Calamos Nasdaq-100 Structured Alt Protection ETF - December,fund,us,AMEX,
FEBZ,TrueShares Structured Outcome (February) ETF,fund,us,CBOE,
VNSE,Natixis Vaughan Nelson Select ETF,fund,us,AMEX,
BULG,Leverage Shares 2X Long BULL Daily ETF,fund,us,NASDAQ,
DECO,SPDR Galaxy Digital Asset Ecosystem ETF,fund,us,NASDAQ,
AVGB,Avantis Credit ETF,fund,us,NASDAQ,
PSCU,Invesco S&P SmallCap Utilities & Communication Services ETF,fund,us,NASDAQ,
SDCP,Virtus Newfleet Short Duration Core Plus Bond ETF,fund,us,AMEX,
UCC,ProShares Ultra Consumer Discretionary,fund,us,AMEX,
CPNM,Calamos Nasdaq-100 Structured Alt Protection ETF - March,fund,us,AMEX,
CAS,Simplify China A Shares PLUS Income ETF,fund,us,AMEX,
GLXU,T-REX 2X Long GLXY Daily Target ETF,fund,us,CBOE,
SHRT,Gotham Short Strategies ETF,fund,us,AMEX,
SEPP,PGIM S&P 500 Buffer 12 ETF - September,fund,us,CBOE,
NDVG,Nuveen Dividend Growth ETF,fund,us,AMEX,
QSIX,Pacer Metaurus Nasdaq 100 Dividend Multiplier 600 ETF,fund,us,NASDAQ,
RCTR,First Trust Bloomberg Nuclear Power ETF,fund,us,AMEX,
GOOP,Kurv Yield Premium Strategy Google (GOOGL) ETF,fund,us,CBOE,
TEXN,iShares Texas Equity ETF,fund,us,NASDAQ,
LQPE,PEO AlphaQuest Thematic PE ETF,fund,us,AMEX,
PQNT,Pictet AI Enhanced International Equity ETF,fund,us,AMEX,
XXV,Simplify Ancorato Target 25 Distribution ETF,fund,us,AMEX,
MYMF,SPDR SSGA My2026 Municipal Bond ETF,fund,us,NASDAQ,
DIVD,Altrius Global Dividend ETF,fund,us,NASDAQ,
LOTI,Liberty One Tactical Income ETF,fund,us,NASDAQ,
PEX,ProShares Global Listed Private Equity ETF,fund,us,CBOE,
MRGR,ProShares Merger ETF,fund,us,CBOE,
RJMG,FT Raymond James Multicap Growth Equity ETF,fund,us,AMEX,
VDIG,Vanguard Wellington Dividend Growth Active ETF,fund,us,CBOE,
RDOG,ALPS REIT Dividend Dogs ETF,fund,us,AMEX,
MRCP,PGIM S&P 500 Buffer 12 ETF - March,fund,us,CBOE,
SKF,ProShares UltraShort Financials,fund,us,AMEX,
OCTB,Aptus October Buffer ETF,fund,us,CBOE,
AVS,Direxion Daily AVGO Bear 1X Shares,fund,us,NASDAQ,
MYMI,SPDR SSGA My2029 Municipal Bond ETF,fund,us,NASDAQ,
MLPD,Global X MLP & Energy Infrastructure Covered Call ETF,fund,us,AMEX,
JANP,PGIM S&P 500 Buffer 12 ETF - January,fund,us,CBOE,
DUG,ProShares UltraShort Energy,fund,us,AMEX,
NVTX,Tradr 2X Long NVTS Daily ETF,fund,us,CBOE,
NBGX,Neuberger Berman Growth ETF,fund,us,AMEX,
VUSG,Vanguard Wellington U.S. Growth Active ETF,fund,us,CBOE,
SMYY,GraniteShares YieldBOOST SMCI ETF,fund,us,NASDAQ,
INFR,ClearBridge Sustainable Infrastructure ETF,fund,us,NASDAQ,
APRP,PGIM S&P 500 Buffer 12 ETF - April,fund,us,CBOE,
GMOD,GMO Dynamic Allocation ETF,fund,us,AMEX,
ILIT,iShares Lithium Miners and Producers ETF,fund,us,NASDAQ,
DLLL,GraniteShares 2x Long DELL Daily ETF,fund,us,NASDAQ,
PST,ProShares UltraShort 7-10 Year Treasury,fund,us,AMEX,
ARMG,Leverage Shares 2X Long ARM Daily ETF,fund,us,NASDAQ,
MSFX,T-Rex 2X Long Microsoft Daily Target ETF,fund,us,CBOE,
NOVP,PGIM S&P 500 Buffer 12 ETF - November,fund,us,CBOE,
BCHI,GMO Beyond China ETF,fund,us,AMEX,
EMDM,First Trust Bloomberg Emerging Market Democracies ETF,fund,us,AMEX,
AMZP,Kurv Yield Prem Strategy Amazon ETF,fund,us,CBOE,
HCOW,Amplify COWS Covered Call ETF,fund,us,NASDAQ,
QQHG,Invesco QQQ Hedged Advantage ETF,fund,us,NASDAQ,
EZRO,AlphaDroid Defensive Sector Rotation ETF,fund,us,NASDAQ,
LOPP,Gabelli Love Our Planet & People ETF,fund,us,AMEX,
VUSV,Vanguard Wellington U.S. Value Active ETF,fund,us,CBOE,
AUGP,PGIM S&P 500 Buffer 12 ETF - August,fund,us,CBOE,
DEFI,Hashdex Bitcoin ETF,fund,us,AMEX,
LJAN,Innovator Premium Income 15 Buffer ETF - January,fund,us,CBOE,
SNPG,Xtrackers S&P 500 Growth Scored & Screened ETF,fund,us,CBOE,
XHYE,BondBloxx USD High Yield Bond Energy Sector ETF,fund,us,AMEX,
BTCZ,T-Rex 2X Inverse Bitcoin Daily Target ETF,fund,us,CBOE,
LDRC,iShares iBonds 1-5 Year Corporate Ladder ETF,fund,us,AMEX,
TPOR,Direxion Daily Transportation Bull 3X Shares,fund,us,AMEX,
SLJY,Amplify SILJ Covered Call ETF,fund,us,AMEX,
MLPR,ETRACS Quarterly Pay 1.5X Leveraged Alerian MLP Index ETN,fund,us,AMEX,
REK,ProShares Short Real Estate,fund,us,AMEX,
JUNP,PGIM S&P 500 Buffer 12 ETF - June,fund,us,CBOE,
KMAR,Innovator U.S. Small Cap Power Buffer ETF - March,fund,us,CBOE,
BUYO,KraneShares Man Buyout Beta Index ETF,fund,us,AMEX,
EQRR,ProShares Equities for Rising Rates ETF,fund,us,NASDAQ,
EDZ,Direxion Daily MSCI Emerging Markets Bear 3X Shares,fund,us,AMEX,
BCCC,Global X Bitcoin Covered Call ETF,fund,us,CBOE,
SPAQ,Horizon Kinetics SPAC Active ETF,fund,us,NASDAQ,
FTBI,First Trust Balanced Income ETF,fund,us,AMEX,
FFLV,Fidelity Fundamental Large Cap Value ETF,fund,us,CBOE,
RJMI,RJ Eagle Municipal Income ETF,fund,us,AMEX,
RSDE,FT Vest U.S. Equity Equal Weight Buffer ETF - December,fund,us,AMEX,
IBHL,iShares iBonds 2032 Term High Yield and Income ETF,fund,us,CBOE,
FARX,Frontier Asset Absolute Return ETF,fund,us,AMEX,
CEW,WisdomTree Emerging Currency Strategy Fund,fund,us,AMEX,
TFNS,T. Rowe Price Financials ETF,fund,us,NASDAQ,
CNQQ,Rayliant-ChinaAMC Transformative China Tech ETF,fund,us,NASDAQ,
TRUD,VanEck Consumer Discretionary TruSector ETF,fund,us,NASDAQ,
SZNE,Pacer CFRA-Stovall Equal Weight Seasonal Rotation ETF,fund,us,AMEX,
BFIX,Build Bond Innovation ETF,fund,us,AMEX,
NWLG,Nuveen Winslow Large-Cap Growth ESG ETF,fund,us,AMEX,
EEMO,Invesco S&P Emerging Markets Momentum ETF,fund,us,AMEX,
MPLY,Strategy Shares Monopoly ETF,fund,us,CBOE,
RULE,Collaborative Investment Series Trust - Adaptive Core ETF,fund,us,CBOE,
BAGY,Amplify Bitcoin Max Income Covered Call ETF,fund,us,CBOE,
APRB,Aptus April Buffer ETF,fund,us,CBOE,
WULX,Tradr 2X Long WULF Daily ETF,fund,us,CBOE,
AAPX,T-Rex 2X Long Apple Daily Target ETF,fund,us,CBOE,
MAYP,PGIM S&P 500 Buffer 12 ETF - May,fund,us,CBOE,
DMAT,Global X Disruptive Materials ETF,fund,us,NASDAQ,
TMET,iShares Transition-Enabling Metals ETF,fund,us,NASDAQ,
FLAO,AllianzIM U.S. Equity 6 Month Floor5 Apr/Oct ETF,fund,us,AMEX,
MSFD,Direxion Daily MSFT Bear 1X Shares ETF,fund,us,NASDAQ,
BOTT,Themes Humanoid Robotics ETF,fund,us,NASDAQ,
ZMUN,F/m Ultrashort Tax-Free Municipal ETF,fund,us,NASDAQ,
UGE,ProShares Ultra Consumer Staples,fund,us,AMEX,
UTRE,US Treasury 3 Year Note ETF,fund,us,NASDAQ,
QQQS,Invesco NASDAQ Future Gen 200 ETF,fund,us,NASDAQ,
TENJ,iShares Large Cap 10% Target Buffer Jun ETF,fund,us,CBOE,
TYLG,Global X Information Technology Covered Call & Growth ETF,fund,us,AMEX,
KPDD,KraneShares 2x Long PDD Daily ETF,fund,us,NASDAQ,
CVRT,Calamos Convertible Equity Alternative ETF,fund,us,AMEX,
ASMG,Leverage Shares 2X Long ASML Daily ETF,fund,us,NASDAQ,
CPSU,Calamos S&P 500 Structured Alt Protection Etf June,fund,us,AMEX,
SPYQ,Tradr 2X Long SPY Quarterly ETF,fund,us,NASDAQ,
TSMG,Leverage Shares 2X Long TSM Daily ETF,fund,us,NASDAQ,
CBXY,Calamos Bitcoin 90 Series Structured Alt Protection ETF - July,fund,us,CBOE,
GGLS,Direxion Daily GOOGL Bear 1X Shares ETF,fund,us,NASDAQ,
IWFL,ETRACS 2x Leveraged US Growth Factor TR ETN,fund,us,AMEX,
SEF,ProShares Short Financials,fund,us,AMEX,
JANH,Innovator Premium Income 20 Barrier ETF - January,fund,us,CBOE,
CRDU,Tradr 2X Long CRDO Daily ETF,fund,us,CBOE,
BOXA,Alpha Architect Aggregate Bond ETF,fund,us,CBOE,
SPTU,State Street SPDR Portfolio Ultra Short T-Bill ETF,fund,us,AMEX,
BOUT,Innovator IBD Breakout Opportunities ETF,fund,us,AMEX,
WAR,U.S. Global Technology and Aerospace & Defense ETF,fund,us,AMEX,
CPII,American Beacon Ionic Inflation Protection ETF,fund,us,AMEX,
TYO,Direxion Daily 7-10 Year Treasury Bear 3x Shares,fund,us,AMEX,
KYLD,Kurv High Income ETF,fund,us,CBOE,
QRFT,QRAFT AI-Enhanced U.S. Large Cap ETF,fund,us,AMEX,
OILT,Texas Capital Texas Oil Index ETF,fund,us,AMEX,
VSOL,VanEck Solana ETF,fund,us,NASDAQ,
BETE,ProShares Bitcoin & Ether Equal Weight ETF,fund,us,AMEX,
MUNC,Northern Trust 2045 Tax-Exempt Distributing Ladder ETF,fund,us,AMEX,
PJBF,PGIM Jennison Better Future ETF,fund,us,CBOE,
QQXL,ProShares Ultra QQQ Top 30,fund,us,NASDAQ,
MNRS,Grayscale Bitcoin Miners ETF,fund,us,AMEX,
CLCV,Crossmark Large Cap Value ETF,fund,us,AMEX,
QULL,ETRACS 2x Leveraged MSCI US Quality Factor TR ETN,fund,us,AMEX,
IBAT,iShares Energy Storage & Materials ETF,fund,us,NASDAQ,
SUPP,TCW Transform Supply Chain ETF,fund,us,NASDAQ,
TAPR,Innovator Equity Defined Protection ETF - 2 Yr to April 2027,fund,us,CBOE,
PSCM,Invesco S&P SmallCap Materials ETF,fund,us,NASDAQ,
LDRI,iShares iBonds 1-5 Year TIPS Ladder ETF,fund,us,AMEX,
BSMZ,Invesco BulletShares 2035 Municipal Bond ETF,fund,us,NASDAQ,
FEBP,PGIM S&P 500 Buffer 12 ETF - February,fund,us,CBOE,
DECP,PGIM S&P 500 Buffer 12 ETF - December,fund,us,CBOE,
SPDG,State Street SPDR Portfolio S&P Sector Neutral Dividend ETF,fund,us,AMEX,
GMUN,Goldman Sachs Access Municipal Bond ETF,fund,us,AMEX,
JHID,John Hancock International High Dividend ETF,fund,us,AMEX,
INDE,Matthews India Active ETF,fund,us,AMEX,
EUM,ProShares Short MSCI Emerging Markets,fund,us,AMEX,
PCFI,Polen Floating Rate Income ETF,fund,us,AMEX,
ABCS,Alpha Blue Capital US Small-Mid Cap Dynamic ETF,fund,us,NASDAQ,
FIXP,FolioBeyond Enhanced Fixed Income Premium ETF,fund,us,AMEX,
MYMJ,SPDR SSGA My2030 Municipal Bond ETF,fund,us,NASDAQ,
SATO,Invesco Alerian Galaxy Crypto Economy ETF,fund,us,CBOE,
CCUP,T-REX 2X Long CRCL Daily Target ETF,fund,us,CBOE,
AETH,Bitwise Trendwise Ether and Treasuries Rotation Strategy ETF,fund,us,AMEX,
RBLU,T-REX 2X Long RBLX Daily Target ETF,fund,us,CBOE,
NDIV,Amplify Natural Resources Dividend Income ETF,fund,us,AMEX,
TXSS,Texas Capital Texas Small Cap Equity Index ETF,fund,us,NASDAQ,
QBUL,TrueShares Quarterly Bull Hedge ETF,fund,us,CBOE,
LRND,NYLI U.S. Large Cap R&D Leaders ETF,fund,us,NASDAQ,
RDTY,YieldMax R2000 0DTE Covered Strategy ETF,fund,us,NASDAQ,
DMCY,Democracy International Fund ETF,fund,us,AMEX,
KCAI,KraneShares China Alpha Index ETF,fund,us,AMEX,
FDND,FT Vest Dow Jones Internet & Target Income ETF,fund,us,CBOE,
MKAM,MKAM ETF,fund,us,NASDAQ,
DIPS,YieldMax Short NVDA Option Income Strategy ETF,fund,us,AMEX,
HFMF,Unlimited HFMF Managed Futures ETF,fund,us,AMEX,
BPAY,iShares FinTech Active ETF,fund,us,AMEX,
ERET,iShares Environmentally Aware Real Estate ETF,fund,us,NASDAQ,
AGIQ,SoFi Agentic AI ETF,fund,us,AMEX,
PRVS,Parnassus Value Select ETF,fund,us,NYSE,
NFLP,Kurv Yield Prem Stratgey Netflix ETF,fund,us,CBOE,
GSIG,Goldman Sachs Access Investment Grade Corporate 1-5 Year Bond ETF,fund,us,AMEX,
PBOT,Pictet AI & Automation ETF,fund,us,AMEX,
DUKH,Ocean Park High Income ETF,fund,us,NASDAQ,
WDAF,WisdomTree Asia Defense Fund,fund,us,NASDAQ,
EVLU,iShares MSCI Emerging Markets Value Factor ETF,fund,us,CBOE,
EMES,Harbor Emerging Markets Select ETF,fund,us,AMEX,
UXJL,FT Vest U.S. Equity Uncapped Accelerator ETF - July,fund,us,CBOE,
EQLT,iShares MSCI Emerging Markets Quality Factor ETF,fund,us,CBOE,
NMBL,NovaTide Flexible Allocation ETF,fund,us,AMEX,
QSML,WisdomTree U.S. SmallCap Quality Growth Fund,fund,us,NASDAQ,
AIBD,Direxion Daily AI and Big Data Bear 2X Shares,fund,us,AMEX,
NBCE,Neuberger Berman China Equity ETF,fund,us,AMEX,
RGTU,Tradr 2X Long RGTI Daily ETF,fund,us,CBOE,
CPAG,F/m Compoundr U.S. Aggregate Bond ETF,fund,us,NASDAQ,
CHPX,Global X AI Semiconductor & Quantum ETF,fund,us,NASDAQ,
JDIV,JPMorgan Dividend Leaders ETF,fund,us,AMEX,
SEA,U.S. Global Sea to Sky Cargo ETF,fund,us,AMEX,
QQWZ,Pacer Cash COWZ 100-Nasdaq 100 Rotator ETF,fund,us,NASDAQ,
UPV,ProShares Ultra FTSE Europe,fund,us,AMEX,
QQQA,ProShares Nasdaq-100 Dorsey Wright Momentum ETF,fund,us,NASDAQ,
GBXC,Goldman Sachs U.S. Large Cap Buffer 3 ETF,fund,us,CBOE,
PCLN,Pictet Cleaner Planet ETF,fund,us,AMEX,
SPCX,SPAC and New Issue ETF,fund,us,NASDAQ,
STRN,SMART Trend 25 ETF,fund,us,AMEX,
IOPP,Simplify Tara India Opportunities ETF,fund,us,AMEX,
DFND,Siren DIVCON Dividend Defender ETF,fund,us,CBOE,
EBIT,Harbor AlphaEdge Small Cap Earners ETF,fund,us,AMEX,
EVNT,AltShares Event-Driven ETF,fund,us,AMEX,
PAYR,Federated Hermes Enhanced Income ETF,fund,us,CBOE,
MBBB,VanEck Moody's Analytics BBB Corporate Bond ETF,fund,us,CBOE,
HAUS,Residential REIT ETF,fund,us,CBOE,
TEMX,Touchstone Sands Capital Emerging Markets ex-China Growth ETF,fund,us,CBOE,
IWDL,ETRACS 2x Leveraged US Value Factor TR ETN,fund,us,AMEX,
TFJL,Innovator 20+ Year Treasury Bond 5 Floor ETF - July,fund,us,CBOE,
FLJJ,AllianzIM U.S. Equity 6 Month Floor5 Jan/Jul ETF,fund,us,AMEX,
EFZ,ProShares Short MSCI EAFE,fund,us,AMEX,
JDOC,JPMorgan Healthcare Leaders ETF,fund,us,NASDAQ,
MUNX,AMG GW&K Muni Income ETF,fund,us,AMEX,
GXDW,Global X Dorsey Wright Thematic ETF,fund,us,NASDAQ,
UJB,ProShares Ultra High Yield,fund,us,AMEX,
VNIE,Vontobel International Equity Active ETF,fund,us,AMEX,
JHDV,John Hancock U.S. High Dividend ETF,fund,us,AMEX,
UTWY,US Treasury 20 Year Bond ETF,fund,us,NASDAQ,
SKRE,Tuttle Capital Daily 2X Inverse Regional Banks ETF,fund,us,NASDAQ,
BDVG,iMGP Berkshire Dividend Growth ETF,fund,us,AMEX,
EUDV,ProShares MSCI Europe Dividend Growers ETF,fund,us,CBOE,
AMZD,Direxion Daily AMZN Bear 1X Shares ETF,fund,us,NASDAQ,
USVN,US Treasury 7 Year Note ETF,fund,us,NASDAQ,
FIVY,YieldMax Dorsey Wright Hybrid 5 Income ETF,fund,us,NASDAQ,
MUND,Northern Trust 2055 Tax-Exempt Distributing Ladder ETF,fund,us,AMEX,
JANB,Aptus January Buffer ETF,fund,us,CBOE,
BGRO,iShares Large Cap Growth Active ETF,fund,us,NASDAQ,
FDTS,First Trust Developed Markets ex-US Small Cap AlphaDEX Fund,fund,us,NASDAQ,
DIVG,Invesco S&P 500 High Dividend Growers ETF,fund,us,AMEX,
EAOK,iShares ESG Aware 30/70 Conservative Allocation ETF,fund,us,CBOE,
PWER,Macquarie Energy Transition ETF,fund,us,AMEX,
DJTU,T-REX 2X Long DJT Daily Target ETF,fund,us,CBOE,
RHTX,RH Tactical Outlook ETF,fund,us,AMEX,
USML,ETRACS 2x Leveraged MSCI US Minimum Volatility Factor TR ETN,fund,us,AMEX,
BMNZ,Defiance Daily Target 2X Short BMNR ETF,fund,us,AMEX,
PQAP,PGIM Nasdaq-100 Buffer 12 ETF - April,fund,us,NASDAQ,
MKTN,Federated Hermes MDT Market Neutral ETF,fund,us,AMEX,
SIMS,State Street SPDR S&P Kensho Intelligent Structures ETF,fund,us,AMEX,
WRND,NYLI Global Equity R&D Leaders ETF,fund,us,NASDAQ,
SPUT,Innovator Equity Premium Income - Daily PutWrite ETF,fund,us,AMEX,
BMAX,REX Bitcoin Corporate Treasury Convertible Bond ETF,fund,us,NASDAQ,
PQOC,PGIM Nasdaq-100 Buffer 12 ETF - October,fund,us,NASDAQ,
AVGU,GraniteShares 2x Long AVGO Daily ETF,fund,us,NASDAQ,
EMIF,iShares Emerging Markets Infrastructure ETF,fund,us,NASDAQ,
MLDR,Global X Intermediate-Term Treasury Ladder ETF,fund,us,AMEX,
MPL,Defiance Daily Target 2X Long MP ETF,fund,us,AMEX,
HIYS,Invesco High Yield Select ETF,fund,us,CBOE,
BEEZ,Honeytree U.S. Equity ETF,fund,us,NASDAQ,
BELT,iShares U.S. Select Equity Active ETF,fund,us,NASDAQ,
BTOP,Bitwise Trendwise BTC/ETH and Treasuries Rotation Strategy ETF,fund,us,AMEX,
LBO,WHITEWOLF Publicly Listed Private Equity ETF,fund,us,CBOE,
CBTY,Calamos Bitcoin 80 Series Structured Alt Protection ETF - July,fund,us,CBOE,
TAGS,Teucrium Agricultural Fund,fund,us,AMEX,
GGRW,Gabelli Growth Innovators ETF,fund,us,AMEX,
SHPU,Direxion Daily SHOP Bull 2X ETF,fund,us,NASDAQ,
MAPP,Harbor Multi-Asset Explorer ETF,fund,us,AMEX,
WQTM,WisdomTree Quantum Computing Fund,fund,us,CBOE,
QCMU,Direxion Daily QCOM Bull 2X ETF,fund,us,NASDAQ,
LJUL,Innovator Premium Income 15 Buffer ETF - July,fund,us,CBOE,
QQQG,Pacer Nasdaq 100 Top 50 Cash Cows Growth Leaders ETF,fund,us,NASDAQ,
RITA,ETFB Green SRI REITs ETF,fund,us,AMEX,
EVMT,Invesco Electric Vehicle Metals Commodity Strategy No K-1 ETF,fund,us,NASDAQ,
ENHU,iShares Enhanced Large Cap Core Active ETF,fund,us,NASDAQ,
CBTO,Calamos Bitcoin 80 Series Structured Alt Protection ETF - October,fund,us,CBOE,
RYLG,Global X Russell 2000 Covered Call & Growth ETF,fund,us,AMEX,
BRAZ,Global X Brazil Active ETF,fund,us,AMEX,
COTG,Leverage Shares 2X Long COST Daily ETF,fund,us,NASDAQ,
FEAC,Fidelity Enhanced U.S. All-Cap Equity ETF,fund,us,AMEX,
PSWD,Xtrackers Cybersecurity Select Equity ETF,fund,us,NASDAQ,
LAPR,Innovator Premium Income 15 Buffer ETF - April,fund,us,CBOE,
TLTI,NEOS Enhanced Income 20+ Year Treasury Bond ETF,fund,us,CBOE,
IBGB,iShares iBonds Dec 2045 Term Treasury ETF,fund,us,NASDAQ,
MOTO,SmartETFs Smart Transportation & Technology ETF,fund,us,AMEX,
BNDD,Quadratic Deflation ETF,fund,us,AMEX,
LTCC,Canary Litecoin ETF,fund,us,NASDAQ,
KEUA,KraneShares European Carbon Allowance Strategy ETF,fund,us,AMEX,
BUYZ,Franklin Disruptive Commerce ETF,fund,us,CBOE,
MYCN,SPDR SSGA My2034 Corporate Bond ETF,fund,us,NASDAQ,
UXAP,FT Vest U.S. Equity Uncapped Accelerator ETF - April,fund,us,CBOE,
EAOM,iShares ESG Aware 40/60 Moderate Allocation ETF,fund,us,CBOE,
CBOO,Calamos Bitcoin Structured Alt Protection ETF - October,fund,us,CBOE,
CEFD,ETRACS Monthly Pay 1.5X Leveraged Closed-End Fund Index ETN,fund,us,AMEX,
ANEW,ProShares MSCI Transformational Changes ETF,fund,us,AMEX,
CRCD,T-REX 2X Inverse CRCL Daily Target ETF,fund,us,CBOE,
IVRS,iShares Future Metaverse Tech and Communications ETF,fund,us,AMEX,
BITK,Tuttle Capital IBIT 0DTE Covered Call ETF,fund,us,CBOE,
BUFX,FT Vest Laddered Enhance & Moderate Buffer ETF,fund,us,CBOE,
EMDV,ProShares MSCI Emerging Markets Dividend Growers ETF,fund,us,CBOE,
PQJA,PGIM Nasdaq-100 Buffer 12 ETF - January,fund,us,NASDAQ,
BNGE,First Trust S-Network Streaming and Gaming ETF,fund,us,AMEX,
CLIX,ProShares Long Online/Short Stores ETF,fund,us,AMEX,
SHPP,Pacer Industrials and Logistics ETF,fund,us,AMEX,
CPRA,Calamos Russell 2000 Structured Alt Protection ETF - April,fund,us,AMEX,
EZJ,ProShares Ultra MSCI Japan,fund,us,AMEX,
GDXW,Roundhill Gold Miners WeeklyPay ETF,fund,us,CBOE,
BTFX,CoinShares Bitcoin Leverage ETF,fund,us,NASDAQ,
RFEU,First Trust Riverfront Dynamic Europe ETF,fund,us,NASDAQ,
PLYY,GraniteShares YieldBOOST PLTR ETF,fund,us,NASDAQ,
ESMV,iShares ESG Optimized MSCI USA Min Vol Factor ETF,fund,us,NASDAQ,
MILK,Pacer US Cash Cows Bond ETF,fund,us,CBOE,
PALU,Direxion Daily PANW Bull 2X Shares,fund,us,NASDAQ,
CBXO,Calamos Bitcoin 90 Series Structured Alt Protection ETF- October,fund,us,CBOE,
APXM,FT Vest U.S. Equity Max Buffer ETF - April,fund,us,CBOE,
SNOU,T-REX 2X Long SNOW Daily Target ETF,fund,us,CBOE,
MTUL,ETRACS 2x Leveraged MSCI US Momentum Factor TR ETN,fund,us,AMEX,
VICE,AdvisorShares Vice ETF,fund,us,AMEX,
BDCX,ETRACS Quarterly Pay 1.5x Leveraged MarketVector BDC Liquid Index ETN,fund,us,AMEX,
HYP,Golden Eagle Dynamic Hypergrowth ETF,fund,us,NASDAQ,
EZPZ,Franklin Crypto Index ETF,fund,us,CBOE,
FXP,ProShares UltraShort FTSE China 50,fund,us,AMEX,
SCDS,JPMorgan Fundamental Data Science Small Core ETF,fund,us,NASDAQ,
INDH,WisdomTree India Hedged Equity Fund,fund,us,NASDAQ,
GLDW,Roundhill Gold WeeklyPay ETF,fund,us,CBOE,
MCDS,JPMorgan Fundamental Data Science Mid Core ETF,fund,us,NASDAQ,
GAST,Gabelli Automation ETF,fund,us,AMEX,
NSCR,Nuveen Sustainable Core ETF,fund,us,NASDAQ,
DADS,Digital Asset Debt Strategy ETF,fund,us,NASDAQ,
MSFY,Kurv Yield Premium Strategy Microsoft (MSFT) ETF,fund,us,CBOE,
ALRG,Allspring LT Large Core ETF,fund,us,AMEX,
ESIX,State Street SPDR S&P SmallCap 600 ESG ETF,fund,us,AMEX,
TMVE,Thrivent Mid Cap Value ETF,fund,us,AMEX,
ACEI,Innovator Equity Autocallable Income Strategy ETF,fund,us,AMEX,
DKNX,Defiance Daily Target 2X Long DKNG ETF,fund,us,NASDAQ,
QQJG,Invesco ESG NASDAQ Next Gen 100 ETF,fund,us,NASDAQ,
AVIE,Avantis Inflation Focused Equity ETF,fund,us,AMEX,
BBB,CYBER HORNET S&P 500 and Bitcoin 75/25 Strategy ETF,fund,us,NASDAQ,
DAT,ProShares Big Data Refiners ETF,fund,us,AMEX,
BFOC,FT Vest Bitcoin Strategy Floor15 ETF - October,fund,us,AMEX,
RSMR,FT Vest U.S. Equity Equal Weight Buffer ETF - March,fund,us,AMEX,
BMNG,Leverage Shares 2X Long BMNR Daily ETF,fund,us,NASDAQ,
COII,REX COIN Growth & Income ETF,fund,us,CBOE,
MYCK,SPDR SSGA My2031 Corporate Bond ETF,fund,us,NASDAQ,
IQRA,NYLI CBRE Real Assets ETF,fund,us,AMEX,
WMSB,Weitz Multisector Bond ETF,fund,us,AMEX,
EZMO,AlphaDroid Broad Markets Momentum ETF,fund,us,NASDAQ,
KBAB,KraneShares 2x Long BABA Daily ETF,fund,us,NASDAQ,
BILD,Macquarie Global Listed Infrastructure ETF,fund,us,AMEX,
MYCL,SPDR SSGA My2032 Corporate Bond ETF,fund,us,NASDAQ,
CBOY,Calamos Bitcoin Structured Alt Protection ETF - July,fund,us,CBOE,
ACII,Innovator Index Autocallable Income Strategy ETF,fund,us,AMEX,
EWV,ProShares UltraShort MSCI Japan,fund,us,AMEX,
ACSV,American Century Small Cap Value Insights ETF,fund,us,CBOE,
JOJO,ATAC Credit Rotation ETF,fund,us,AMEX,
ITDJ,iShares LifePath Target Date 2070 ETF,fund,us,AMEX,
MYMG,SPDR SSGA My2027 Municipal Bond ETF,fund,us,NASDAQ,
ACSG,American Century Small Cap Growth Insights ETF,fund,us,CBOE,
WEED,Roundhill Cannabis ETF,fund,us,CBOE,
MYMH,SPDR SSGA My2028 Municipal Bond ETF,fund,us,NASDAQ,
ICPY,"Tweedy, Browne International Insider + Value ETF",fund,us,AMEX,
TOT,LionShares U.S. Equity Total Return ETF,fund,us,AMEX,
OSCX,Defiance Daily Target 2x Long OSCR ETF,fund,us,NASDAQ,
OND,ProShares On-Demand ETF,fund,us,AMEX,
BBLB,JPMorgan BetaBuilders U.S. Treasury Bond 20+ Year ETF,fund,us,CBOE,
ULTI,REX IncomeMax Option Strategy ETF,fund,us,NASDAQ,
TSXU,Direxion Daily Semiconductors Top 5 Bull 2X ETF,fund,us,AMEX,
PFFL,ETRACS 2xMonthly Pay Leveraged Preferred Stock Index ETN,fund,us,AMEX,
KROP,Global X AgTech & Food Innovation ETF,fund,us,NASDAQ,
VSTL,Defiance Daily Target 2X Long VST ETF,fund,us,NASDAQ,
IWML,ETRACS 2x Leveraged US Size Factor TR ETN,fund,us,AMEX,
AGMI,Themes Silver Miners ETF,fund,us,NASDAQ,
BLKC,Invesco Alerian Galaxy Blockchain Users and Decentralized Commerce ETF,fund,us,CBOE,
FTAG,First Trust Indxx Global Agriculture ETF,fund,us,NASDAQ,
GBHI,Gabelli High Income ETF,fund,us,AMEX,
HDLB,ETRACS Monthly Pay 2xLeveraged US High Dividend Low Volatility ETN Series B,fund,us,AMEX,
SPXD,Xtrackers S&P 500 Diversified Sector Weight ETF,fund,us,NASDAQ,
EPIN,Harbor International Equity ETF,fund,us,AMEX,
FOWF,Pacer Solactive Whitney Future of Warfare ETF,fund,us,CBOE,
ASGM,Virtus AlphaSimplex Global Macro ETF,fund,us,AMEX,
BMED,iShares Health Innovation Active ETF,fund,us,AMEX,
ETQ,T-Rex 2X Inverse Ether Daily Target ETF,fund,us,CBOE,
EPEM,Harbor Emerging Markets Equity ETF,fund,us,AMEX,
GMMA,GammaRoad Market Navigation ETF,fund,us,AMEX,
JPAN,Matthews Japan Active ETF,fund,us,AMEX,
ADVE,Matthews Asia Dividend Active ETF,fund,us,AMEX,
STAX,Macquarie Tax-Free USA Short Term ETF,fund,us,AMEX,
ULE,ProShares Ultra Euro,fund,us,AMEX,
RVNL,GraniteShares 2x Long RIVN Daily ETF,fund,us,NASDAQ,
UDI,USCF Dividend Income Fund,fund,us,AMEX,
SMCZ,Defiance Daily Target 2X Short SMCI ETF,fund,us,NASDAQ,
GBXB,Goldman Sachs U.S. Large Cap Buffer 2 ETF,fund,us,CBOE,
BWEB,Bitwise Web3 ETF,fund,us,AMEX,
SBB,ProShares Short SmallCap600,fund,us,AMEX,
VERS,ProShares Metaverse ETF,fund,us,AMEX,
ISHP,First Trust Nasdaq Retail ETF,fund,us,NASDAQ,
PQJL,PGIM Nasdaq-100 Buffer 12 ETF - July,fund,us,NASDAQ,
TTDU,T-REX 2X Long TTD Daily Target ETF,fund,us,CBOE,
EDGE,MRBL Enhanced Equity ETF,fund,us,CBOE,
XCNY,SPDR S&P Emerging Markets ex-China ETF,fund,us,NASDAQ,
BZQ,ProShares UltraShort MSCI Brazil Capped,fund,us,AMEX,
WCEO,Hypatia Women CEO ETF,fund,us,AMEX,
NBIG,Leverage Shares 2X Long NBIS Daily ETF,fund,us,NASDAQ,
NOWL,GraniteShares 2x Long NOW Daily ETF,fund,us,NASDAQ,
TILL,Teucrium Agricultural Strategy No K-1 ETF,fund,us,AMEX,
KNOW,Fundamentals First ETF,fund,us,CBOE,
LCDL,GraniteShares 2x Long LCID Daily ETF,fund,us,NASDAQ,
ISUL,GraniteShares 2x Long ISRG Daily ETF,fund,us,NASDAQ,
ROPE,Coastal Compass 100 ETF,fund,us,AMEX,
LITL,Simplify Piper Sandler US Small-Cap PLUS Income ETF,fund,us,AMEX,
CGRO,CoreValues Alpha Greater China Growth ETF,fund,us,AMEX,
CBXA,Calamos Bitcoin 90 Series Structured Alt Protection ETF - April,fund,us,CBOE,
METD,Direxion Daily META Bear 1X Shares,fund,us,NASDAQ,
TEC,Harbor Transformative Technologies ETF,fund,us,AMEX,
BEGS,Rareview 2x Bull Cryptocurrency & Precious Metals ETF,fund,us,CBOE,
FIGG,Leverage Shares 2x Long FIG Daily ETF,fund,us,NASDAQ,
GBLD,Invesco MSCI Green Building ETF,fund,us,AMEX,
BTRN,Global X Bitcoin Trend Strategy ETF,fund,us,AMEX,
LYLD,Cambria Large Cap Shareholder Yield ETF,fund,us,CBOE,
ETCO,Grayscale Ethereum Covered Call ETF,fund,us,AMEX,
AGRH,iShares Interest Rate Hedged U.S. Aggregate Bond ETF,fund,us,AMEX,
CBOA,Calamos Bitcoin Structured Alt Protection ETF - April,fund,us,CBOE,
EFRA,iShares Environmental Infrastructure and Industrials ETF,fund,us,NASDAQ,
MVAL,VanEck Morningstar Wide Moat Value ETF,fund,us,CBOE,
WTMU,WisdomTree Core Laddered Municipal Fund,fund,us,NASDAQ,
CORD,T-REX 2X Inverse CRWV Daily Target ETF,fund,us,CBOE,
ANEL,Defiance Daily Target 2x Long ANET ETF,fund,us,NASDAQ,
CSCL,Direxion Daily CSCO Bull 2X ETF,fund,us,NASDAQ,
RVRB,Reverb ETF,fund,us,CBOE,
UPGR,Xtrackers US Green Infrastructure Select Equity ETF,fund,us,NASDAQ,
ODHY,Obra Defensive High Yield ETF,fund,us,AMEX,
WTMY,WisdomTree High Income Laddered Municipal Fund,fund,us,NASDAQ,
BSJX,Invesco BulletShares 2033 High Yield Corporate Bond ETF,fund,us,NASDAQ,
COZX,Tradr 2X Long CORZ Daily ETF,fund,us,CBOE,
MUNB,Northern Trust 2035 Tax-Exempt Distributing Ladder ETF,fund,us,AMEX,
NFXS,Direxion Daily NFLX Bear 1X Shares,fund,us,NASDAQ,
VLLU,Harbor AlphaEdge Large Cap Value ETF,fund,us,AMEX,
COIG,Leverage Shares 2X Long COIN Daily ETF,fund,us,NASDAQ,
MYMK,SPDR SSGA My2031 Municipal Bond ETF,fund,us,NASDAQ,
TIPA,Northern Trust 2030 Inflation-Linked Distributing Ladder ETF,fund,us,AMEX,
SMUP,T-REX 2X Long SMR Daily Target ETF,fund,us,CBOE,
GMOC,GMO Ultra-Short Income ETF,fund,us,AMEX,
MCSE,Franklin Sustainable International Equity ETF,fund,us,NASDAQ,
MUNA,Northern Trust 2030 Tax-Exempt Distributing Ladder ETF,fund,us,AMEX,
MYCM,SPDR SSGA My2033 Corporate Bond ETF,fund,us,NASDAQ,
VCLN,Virtus Duff & Phelps Clean Energy ETF,fund,us,AMEX,
FRIZ,Franklin Dividend Growth ETF,fund,us,AMEX,
PMNV,PGIM S&P 500 Max Buffer ETF - November,fund,us,CBOE,
RJVI,RJ Eagle Vertical Income ETF,fund,us,AMEX,
MSII,REX MSTR Growth & Income ETF,fund,us,CBOE,
MYCO,SPDR SSGA My2035 Corporate Bond ETF,fund,us,NASDAQ,
IBGL,iShares iBonds Dec 2055 Term Treasury ETF,fund,us,NASDAQ,
AWEG,Alger Weatherbie Enduring Growth ETF,fund,us,AMEX,
IFLR,Innovator International Developed Managed Floor ETF,fund,us,AMEX,
LAYS,STKd 100% NVDA & 100% AMD ETF,fund,us,NASDAQ,
UXJA,FT Vest U.S. Equity Uncapped Accelerator ETF - January,fund,us,CBOE,
TINS,Templeton International Insights ETF,fund,us,AMEX,
BEX,Tradr 2X Long BE Daily ETF,fund,us,CBOE,
AAPY,Kurv Yield Premium Strategy Apple (AAPL) ETF,fund,us,CBOE,
BBBL,BondBloxx BBB Rated 10+ Year Corporate Bond ETF,fund,us,AMEX,
IPOS,Renaissance International IPO ETF,fund,us,AMEX,
LMBO,Direxion Daily Crypto Industry Bull 2X Shares,fund,us,AMEX,
PGRI,Putnam International Stock ETF,fund,us,AMEX,
TINY,ProShares Nanotechnology ETF,fund,us,AMEX,
ABOT,Abacus FCF Innovation Leaders ETF,fund,us,CBOE,
CTEX,ProShares S&P Kensho Cleantech ETF,fund,us,AMEX,
HIMY,Defiance Leveraged Long Income HIMS ETF,fund,us,NASDAQ,
ION,ProShares S&P Global Core Battery Metals ETF,fund,us,AMEX,
TXUG,Thornburg International Growth Fund ETF,fund,us,NASDAQ,
EMOT,First Trust S&P 500 Economic Moat ETF,fund,us,AMEX,
CEGX,Tradr 2X Long CEG Daily ETF,fund,us,CBOE,
ZTAX,X-Square Municipal Income ETF,fund,us,AMEX,
SDP,ProShares UltraShort Utilities,fund,us,AMEX,
BPI,Grayscale Bitcoin Premium Income ETF,fund,us,AMEX,
ODDS,Pacer BlueStar Digital Entertainment ETF,fund,us,NASDAQ,
LFAI,LifeX 2050 Longevity Income ETF,fund,us,CBOE,
IPAV,Global X Infrastructure Development ex-U.S. ETF,fund,us,CBOE,
LFAO,LifeX 2055 Longevity Income ETF,fund,us,CBOE,
LDRH,iShares iBonds 1-5 Year High Yield and Income Ladder ETF,fund,us,AMEX,
XLVI,Health Care Select Sector SPDR Premium Income Fund,fund,us,AMEX,
SNPD,Xtrackers S&P Dividend Aristocrats Screened ETF,fund,us,CBOE,
FPXE,First Trust IPOX Europe Equity Opportunities ETF,fund,us,NASDAQ,
LIBD,LifeX 2065 Inflation-Protected Longevity Income ETF,fund,us,CBOE,
LIAM,LifeX 2055 Inflation-Protected Longevity Income ETF,fund,us,CBOE,
RND,First Trust Bloomberg R&D Leaders ETF,fund,us,AMEX,
IBRN,iShares Neuroscience and Healthcare ETF,fund,us,AMEX,
LRCU,Tradr 2X Long LRCX Daily ETF,fund,us,CBOE,
LMTL,Direxion Daily LMT Bull 2X ETF,fund,us,NASDAQ,
ESLG,Eventide Large Cap Growth ETF,fund,us,AMEX,
DYLG,Global X Dow 30 Covered Call & Growth ETF,fund,us,AMEX,
GEND,Genter Capital Dividend Income ETF,fund,us,AMEX,
UCYB,ProShares Ultra Nasdaq Cybersecurity ETF,fund,us,NASDAQ,
XLUI,Utilities Select Sector SPDR Premium Income Fund,fund,us,AMEX,
REW,ProShares UltraShort Technology,fund,us,AMEX,
DVQQ,WEBs QQQ Defined Volatility ETF,fund,us,NASDAQ,
IGGY,AB International Growth ETF,fund,us,AMEX,
NZUS,SPDR Series Trust State Street SPDR MSCI USA Climate Paris Aligned ETF,fund,us,NASDAQ,
TMDV,ProShares Russell US Dividend Growers ETF,fund,us,CBOE,
CBTA,Calamos Bitcoin 80 Series Structured Alt Protection ETF - April,fund,us,CBOE,
MYY,ProShares Short S&P Mid Cap400,fund,us,AMEX,
AMDU,Defiance Leveraged Long + Income AMD ETF,fund,us,NASDAQ,
KBUF,KraneShares 90% KWEB Defined Outcome January 2027 ETF,fund,us,AMEX,
NVIR,Horizon Kinetics Energy and Remediation ETF,fund,us,AMEX,
PMSE,PGIM S&P 500 Max Buffer ETF - September,fund,us,CBOE,
HOLD,Harbor Alpha Layering ETF,fund,us,AMEX,
TIPB,Northern Trust 2035 Inflation-Linked Distributing Ladder ETF,fund,us,AMEX,
LGHT,Langar Global HealthTech ETF,fund,us,AMEX,
EPSV,Harbor SMID Cap Value ETF,fund,us,AMEX,
ITOL,Tema International Durable Quality ETF,fund,us,CBOE,
GXLC,Global X U.S. 500 ETF,fund,us,AMEX,
CPXR,USCF Daily Target 2X Copper Index ETF,fund,us,AMEX,
TTXU,Direxion Daily Technology Top 5 Bull 2X ETF,fund,us,AMEX,
HVAC,AdvisorShares HVAC and Industrials ETF,fund,us,AMEX,
SOLR,Guinness Atkinson Funds SmartETFs Sustainable Energy II Fund,fund,us,AMEX,
OBOR,KraneShares MSCI One Belt One Road Index ETF,fund,us,AMEX,
QQLV,Invesco QQQ Low Volatility ETF,fund,us,NASDAQ,
EPMB,Harbor Mid Cap Core ETF,fund,us,AMEX,
FPAS,FPA Short Duration Government ETF,fund,us,CBOE,
IOYY,GraniteShares YieldBOOST IONQ ETF,fund,us,NASDAQ,
USNG,Amplify Samsung U.S. Natural Gas Infrastructure ETF,fund,us,AMEX,
JHAC,John Hancock Fundamental All Cap Core ETF,fund,us,AMEX,
BDIV,AAM Brentview Dividend Growth ETF,fund,us,AMEX,
KWIN,KraneShares Wahed Alternative Income Index ETF,fund,us,AMEX,
XDAT,Franklin Exponential Data ETF,fund,us,CBOE,
EPMV,Harbor Mid Cap Value ETF,fund,us,AMEX,
ETEC,iShares Breakthrough Environmental Solutions ETF,fund,us,NASDAQ,
CVNX,Defiance Daily Target 2X Long CVNA ETF,fund,us,NASDAQ,
SCC,ProShares UltraShort Consumer Discretionary,fund,us,AMEX,
BFJL,FT Vest Bitcoin Strategy Floor15 ETF - July,fund,us,AMEX,
PMFB,PGIM S&P 500 Max Buffer ETF - February,fund,us,CBOE,
ARKT,ARK DIET Q4 Buffer ETF,fund,us,CBOE,
IBGK,iShares iBonds Dec 2054 Term Treasury ETF,fund,us,NASDAQ,
JRE,Janus Henderson U.S. Real Estate ETF,fund,us,AMEX,
PALD,Direxion Daily PANW Bear 1X Shares,fund,us,NASDAQ,
QHDG,Innovator Hedged Nasdaq-100 ETF,fund,us,NASDAQ,
LFAW,LifeX 2060 Longevity Income ETF,fund,us,CBOE,
USIN,WisdomTree 7-10 Year Laddered Treasury Fund,fund,us,NASDAQ,
PMAU,PGIM S&P 500 Max Buffer ETF - August,fund,us,CBOE,
HOOZ,Defiance Daily Target 2X Short HOOD ETF,fund,us,AMEX,
XCLR,Global X S&P 500 Collar 95-110 ETF,fund,us,AMEX,
XRPM,Amplify XRP 3% Monthly Premium Income ETF,fund,us,CBOE,
XOMX,Direxion Daily XOM Bull 2X Shares,fund,us,NASDAQ,
PMOC,PGIM S&P 500 Max Buffer ETF - October,fund,us,CBOE,
KMLI,KraneShares 2x Long MELI Daily ETF,fund,us,NASDAQ,
QCLR,Global X NASDAQ 100 Collar 95-110 ETF,fund,us,NASDAQ,
LMNX,Defiance Daily Target 2x Long LMND ETF,fund,us,NASDAQ,
LIAE,LifeX 2050 Inflation-Protected Longevity Income ETF,fund,us,CBOE,
MIDE,Xtrackers S&P MidCap 400 Scored & Screened ETF,fund,us,AMEX,
ORCU,Direxion Daily ORCL Bull 2X ETF,fund,us,NASDAQ,
SPMV,Invesco S&P 500 Minimum Variance ETF,fund,us,CBOE,
EEV,ProShares UltraShort MSCI Emerging Markets,fund,us,AMEX,
IMRA,Bitwise MARA Option Income Strategy ETF,fund,us,AMEX,
FLDZ,RiverNorth Patriot ETF,fund,us,CBOE,
BCOR,Grayscale Bitcoin Adopters ETF,fund,us,AMEX,
LFBE,LifeX 2065 Longevity Income ETF,fund,us,CBOE,
PVEX,TrueShares ConVex Protect ETF,fund,us,CBOE,
GLGG,Leverage Shares 2X Long GLXY Daily ETF,fund,us,NASDAQ,
PEVC,Pacer PE/VC ETF,fund,us,AMEX,
IRET,iREIT - MarketVector Quality REIT Index ETF,fund,us,AMEX,
KTUP,T-REX 2X Long KTOS Daily Target ETF,fund,us,CBOE,
SRPU,Tradr 2X Long SRPT Daily ETF,fund,us,CBOE,
DVDN,Kingsbarn Dividend Opportunity ETF,fund,us,AMEX,
MDBX,Tradr 2X Long MDB Daily ETF,fund,us,CBOE,
EPSB,Harbor SMID Cap Core ETF,fund,us,AMEX,
TBXU,Direxion Daily Biotech Top 5 Bull 2X ETF,fund,us,AMEX,
XLEI,Energy Select Sector SPDR Premium Income Fund,fund,us,AMEX,
KLXY,KraneShares Global Luxury Index ETF,fund,us,AMEX,
ORO,Arrow Valtoro ETF,fund,us,CBOE,
QTR,Global X NASDAQ 100 Tail Risk ETF,fund,us,NASDAQ,
ENPX,Tradr 2X Long ENPH Daily ETF,fund,us,CBOE,
PMJN,PGIM S&P 500 Max Buffer ETF - June,fund,us,CBOE,
LIAU,LifeX 2060 Inflation-Protected Longevity Income ETF,fund,us,CBOE,
UBR,ProShares Ultra MSCI Brazil Capped,fund,us,AMEX,
EMTY,ProShares Decline of the Retail Store ETF,fund,us,AMEX,
CRED,Columbia Research Enhanced Real Estate ETF,fund,us,AMEX,
TIPC,Northern Trust 2045 Inflation-Linked Distributing Ladder ETF,fund,us,AMEX,
SCLS,Stoneport Advisors Commodity Long Short ETF,fund,us,NASDAQ,
TLTX,Global X Treasury Bond Enhanced Income ETF,fund,us,CBOE,
TSLV,Azoria TSLA Convexity ETF,fund,us,CBOE,
KPRO,KraneShares 100% KWEB Defined Outcome January 2027 ETF,fund,us,AMEX,
LQAI,LG QRAFT AI-Powered U.S. Large Cap Core ETF,fund,us,AMEX,
FRDU,Direxion Daily F Bull 2X ETF,fund,us,NASDAQ,
XLKI,Technology Select Sector SPDR Premium Income Fund,fund,us,AMEX,
TSYW,Roundhill Treasury Bond WeeklyPay ETF,fund,us,CBOE,
LGCF,Themes US Cash Flow Champions ETF,fund,us,NASDAQ,
QCMD,Direxion Daily QCOM Bear 1X ETF,fund,us,NASDAQ,
ARMW,Roundhill ARM WeeklyPay ETF,fund,us,CBOE,
FGSI,FT Vest Growth Strength & Target Income ETF,fund,us,NASDAQ,
BWET,Breakwave Tanker Shipping ETF,fund,us,AMEX,
EATZ,AdvisorShares Restaurant ETF,fund,us,AMEX,
POW,VistaShares Electrification Supercycle ETF,fund,us,AMEX,
BRKD,Direxion Daily BRKB Bear 1X Shares,fund,us,NASDAQ,
SMDD,ProShares UltraPro Short MidCap400,fund,us,AMEX,
ETHI,Defiance Leveraged Long Income Ethereum ETF,fund,us,NASDAQ,
LNGX,Global X U.S. Natural Gas ETF,fund,us,AMEX,
XYZG,Leverage Shares 2X Long XYZ Daily ETF,fund,us,NASDAQ,
EKG,First Trust Nasdaq Lux Digital Health Solutions ETF,fund,us,NASDAQ,
SNPV,Xtrackers S&P 500 Value Scored & Screened ETF,fund,us,CBOE,
EAFG,Pacer Developed Markets Cash Cows Growth Leaders ETF,fund,us,AMEX,
CSCS,Direxion Daily CSCO Bear 1X ETF,fund,us,NASDAQ,
DUKX,Ocean Park International ETF,fund,us,NASDAQ,
BOED,Direxion Daily BA Bear 1X Shares,fund,us,NASDAQ,
THNR,Amplify Weight Loss Drug & Treatment ETF,fund,us,AMEX,
RNWZ,TrueShares Eagle Global Renewable Energy Income ETF,fund,us,AMEX,
GENW,Genter Capital International Dividend ETF,fund,us,AMEX,
TTXD,Direxion Daily Technology Top 5 Bear 2X ETF,fund,us,AMEX,
TSMZ,Direxion Daily TSM Bear 1X Shares,fund,us,NASDAQ,
BIS,ProShares UltraShort Nasdaq Biotechnology,fund,us,NASDAQ,
PONX,Tradr 2X Long PONY Daily ETF,fund,us,CBOE,
PCEM,Polen Capital Emerging Markets ex China Growth ETF,fund,us,AMEX,
ZSC,USCF Sustainable Commodity Strategy Fund,fund,us,AMEX,
BEDZ,AdvisorShares Hotel ETF,fund,us,AMEX,
BABW,Roundhill BABA WeeklyPay ETF,fund,us,CBOE,
PMAP,PGIM S&P 500 Max Buffer ETF - April,fund,us,CBOE,
ORCS,Direxion Daily ORCL Bear 1X ETF,fund,us,NASDAQ,
PMMR,PGIM S&P 500 Max Buffer ETF March,fund,us,CBOE,
PMMY,PGIM S&P 500 Max Buffer ETF - May,fund,us,CBOE,
FUTG,Leverage Shares 2x Long FUTU Daily ETF,fund,us,NASDAQ,
MCHS,Matthews China Discovery Active ETF,fund,us,NASDAQ,
YXI,ProShares Short FTSE China 50,fund,us,AMEX,
CMCI,VanEck CMCI Commodity Strategy ETF,fund,us,CBOE,
UBEW,Roundhill UBER WeeklyPay ETF,fund,us,CBOE,
DVSP,WEBs SPY Defined Volatility ETF,fund,us,NASDAQ,
PANG,Leverage Shares 2X Long PANW Daily ETF,fund,us,NASDAQ,
PLT,Defiance Leveraged Long Income PLTR ETF,fund,us,NASDAQ,
SHPD,Direxion Daily SHOP Bear 1X ETF,fund,us,NASDAQ,
GRPZ,Invesco S&P SmallCap 600 GARP ETF,fund,us,AMEX,
SPAM,Themes Cybersecurity ETF,fund,us,NASDAQ,
BOEG,Leverage Shares 2X Long BA Daily ETF,fund,us,NASDAQ,
AKAF,Frontier Economic Fund,fund,us,NYSE,
QQDN,ProShares UltraShort QQQ Mega ETF,fund,us,NASDAQ,
ETTY,Amplify Ethereum 3% Monthly Option Income ETF,fund,us,CBOE,
REKT,Direxion Daily Crypto Industry Bear 1X Shares,fund,us,AMEX,
IGME,Bitwise GME Option Income Strategy ETF,fund,us,AMEX,
RNTY,YieldMax Target 12 Real Estate Option Income ETF,fund,us,AMEX,
UX,Roundhill Uranium ETF,fund,us,CBOE,
WDNA,WisdomTree BioRevolution Fund,fund,us,CBOE,
LINT,Direxion Daily INTC Bull 2X ETF,fund,us,NASDAQ,
XTR,Global X S&P 500 Tail Risk ETF,fund,us,AMEX,
WILD,VistaShares Animal Spirits Daily 2X Strategy ETF,fund,us,AMEX,
USE,USCF Energy Commodity Strategy Absolute Return Fund,fund,us,AMEX,
HOOI,Defiance Leveraged Long Income HOOD ETF,fund,us,NASDAQ,
PMJA,PGIM S&P 500 Max Buffer ETF - January,fund,us,CBOE,
SMCC,Defiance Leveraged Long + Income SMCI ETF,fund,us,NASDAQ,
KDRN,Kingsbarn Tactical Bond ETF,fund,us,AMEX,
TDEC,FT Vest Emerging Markets Buffer ETF - December,fund,us,CBOE,
DFTT,DF Tactical 30 ETF,fund,us,AMEX,
UNX,Tradr 2X Long U Daily ETF,fund,us,CBOE,
CHRI,Global X S&P 500 Christian Values ETF,fund,us,NASDAQ,
PCR,Simplify VettaFi Private Credit Strategy ETF,fund,us,AMEX,
TEKX,SPDR Galaxy Transformative Tech Accelerators ETF,fund,us,NASDAQ,
TEXU,Direxion Daily Energy Top 5 Bull 2X ETF,fund,us,AMEX,
AZYY,GraniteShares YieldBoost AMZN ETF,fund,us,NASDAQ,
ARVR,First Trust Indxx Metaverse ETF,fund,us,NASDAQ,
KJD,KraneShares 2x Long JD Daily ETF,fund,us,NASDAQ,
PMJL,PGIM S&P 500 Max Buffer ETF - July,fund,us,CBOE,
COSW,Roundhill COST WeeklyPay ETF,fund,us,CBOE,
SJLD,SanJac Alpha Low Duration ETF,fund,us,NASDAQ,
REAI,Intelligent Real Estate ETF,fund,us,NASDAQ,
LMTS,Direxion Daily LMT Bear 1X ETF,fund,us,NASDAQ,
MSDD,GraniteShares 2x Short MSTR Daily ETF,fund,us,NASDAQ,
KBDU,KraneShares 2x Long BIDU Daily ETF,fund,us,NASDAQ,
SJCP,SanJac Alpha Core Plus Bond ETF,fund,us,NASDAQ,
CELT,Tradr 2X Long CELH Daily ETF,fund,us,CBOE,
XVOL,Acruence Active Hedge U.S. Equity ETF,fund,us,CBOE,
XOMZ,Direxion Daily XOM Bear 1X Shares,fund,us,NASDAQ,
VIXI,Defiance Enhanced Long Vol ETF,fund,us,NASDAQ,
DAMD,Defiance Daily Target 2X Short AMD ETF,fund,us,AMEX,
DIME,CoinShares Altcoins ETF,fund,us,NASDAQ,
DDV,Defined Duration 5 ETF,fund,us,CBOE,
SMCF,Themes US Small Cap Cash Flow Champions ETF,fund,us,NASDAQ,
TMH,Toyota Motor Corporation ADRhedged,fund,us,AMEX,
ESK,REX-Osprey ETH + Staking ETF,fund,us,CBOE,
AAUM,Tema Alternative Asset Managers ETF,fund,us,CBOE,
WDGF,WisdomTree Global Defense Fund,fund,us,NASDAQ,
TJUN,FT Vest Emerging Markets Buffer ETF June,fund,us,CBOE,
SAWG,AAM Sawgrass US Large Cap Quality Growth ETF,fund,us,AMEX,
THRV,Prospera Income ETF,fund,us,NASDAQ,
FRDD,Direxion Daily F Bear 1X ETF,fund,us,NASDAQ,
BFAP,FT Vest Bitcoin Strategy Floor15 ETF April,fund,us,AMEX,
BFRE,Westwood LBRTY Global Equity ETF,fund,us,AMEX,
HODU,Direxion Daily HOOD Bull 2X ETF,fund,us,NASDAQ,
COPA,Themes Copper Miners ETF,fund,us,CBOE,
ARMU,T-REX 2X Long ARM Daily Target ETF,fund,us,CBOE,
NVOH,Novo Nordisk A/S (B Shares) ADRhedged,fund,us,AMEX,
TSXD,Direxion Daily Semiconductors Top 5 Bear 2X ETF,fund,us,AMEX,
DRKY,VistaShares Target 15 DRUKMacro Distribution ETF,fund,us,AMEX,
XLBI,Materials Select Sector SPDR Premium Income Fund,fund,us,AMEX,
ETRL,GraniteShares 2x Long ETOR Daily ETF,fund,us,NASDAQ,
FB,ProShares S&P 500 Dynamic Buffer ETF,fund,us,CBOE,
CONX,Direxion Daily COIN Bull 2X ETF,fund,us,NASDAQ,
HWSM,Hotchkis & Wiley SMID Cap Diversified Value Fund,fund,us,NASDAQ,
TIPD,Northern Trust 2055 Inflation-Linked Distributing Ladder ETF,fund,us,AMEX,
MDEV,First Trust Indxx Medical Devices ETF,fund,us,CBOE,
NETX,Tradr 2X Long NET Daily ETF,fund,us,CBOE,
CPHY,F/m Compoundr High Yield Bond ETF,fund,us,NASDAQ,
PDDL,GraniteShares 2x Long PDD Daily ETF,fund,us,NASDAQ,
PXIU,T-REX 2X Long UPXI Daily Target ETF,fund,us,CBOE,
SDD,ProShares UltraShort SmallCap600,fund,us,AMEX,
ABXB,Abacus Flexible Bond Leaders ETF,fund,us,CBOE,
EGLE,Global X S&P 500 U.S. Revenue Leaders ETF,fund,us,AMEX,
MSTP,GraniteShares 2x Long MSTR Daily ETF,fund,us,NASDAQ,
DGLO,First Trust RBA Deglobalization ETF,fund,us,NASDAQ,
NDAA,Ned Davis Research 360 Dynamic Allocation ETF,fund,us,NASDAQ,
XLFI,Financial Select Sector SPDR Premium Income Fund,fund,us,AMEX,
EHY,Amplify Ethereum Max Income Covered Call ETF,fund,us,CBOE,
CTWO,COtwo Advisors Physical European Carbon Allowance Trust ETF of Beneficial Interest,fund,us,AMEX,
DESK,VanEck Office and Commercial REIT ETF,fund,us,AMEX,
SKYU,ProShares Ultra Nasdaq Cloud Computing ETF,fund,us,NASDAQ,
ELIS,Direxion Daily LLY Bear 1X Shares,fund,us,NASDAQ,
ZSB,USCF Sustainable Battery Metals Strategy Fund,fund,us,AMEX,
AREA,Harbor AlphaEdge Next Generation REITs ETF,fund,us,AMEX,
CBOL,Calamos Laddered Bitcoin Structured Alt Protection ETF,fund,us,CBOE,
DGZ,DB Gold Short Exchange Traded Notes,fund,us,AMEX,
CSEX,Tradr 2X Long CLS Daily ETF,fund,us,CBOE,
LLYZ,Defiance Daily Target 2X Short LLY ETF,fund,us,NASDAQ,
JPX,Defiance Daily Target 2X Long JPM ETF,fund,us,NASDAQ,
RYSE,Vest 10 Year Interest Rate Hedge ETF,fund,us,CBOE,
CBXL,Calamos Laddered Bitcoin 90 Series Structured Alt Protection ETF,fund,us,CBOE,
PCCE,Polen Capital China Growth ETF,fund,us,AMEX,
ESSC,Eventide Small Cap ETF,fund,us,AMEX,
BULX,GraniteShares 2x Long BULL Daily ETF,fund,us,NASDAQ,
AXUP,T-REX 2X Long AXON Daily Target ETF,fund,us,CBOE,
AFRU,T-REX 2X Long AFRM Daily Target ETF,fund,us,CBOE,
SEMY,GraniteShares YieldBOOST Semiconductor ETF,fund,us,NASDAQ,
BLSX,Tradr 2X Long BLSH Daily ETF,fund,us,CBOE,
FLAG,Global X S&P 500 U.S. Market Leaders Top 50 ETF,fund,us,AMEX,
WTIP,WisdomTree Inflation Plus Fund,fund,us,NASDAQ,
LIFT,LifeX 2028 Income Bucket ETF,fund,us,CBOE,
TINT,ProShares Smart Materials ETF,fund,us,AMEX,
CZAR,Themes Natural Monopoly ETF,fund,us,NASDAQ,
SBTU,T-REX 2X Long SBET Daily Target ETF,fund,us,CBOE,
DOGD,Tradr 2X Long DDOG Daily ETF,fund,us,CBOE,
LYFX,Tradr 2X Long LYFT Daily ETF,fund,us,CBOE,
DGOC,FT Vest U.S. Equity Buffer & Digital Return ETF - October,fund,us,CBOE,
RTXG,Leverage Shares 2X Long RTX Daily ETF,fund,us,NASDAQ,
DRNZ,REX Drone ETF,fund,us,NASDAQ,
HWAY,Themes US Infrastructure ETF,fund,us,NASDAQ,
MTYY,GraniteShares YieldBOOST MSTR ETF,fund,us,NASDAQ,
BULD,Pacer BlueStar Engineering the Future ETF,fund,us,NASDAQ,
IRVH,Global X Interest Rate Volatility & Inflation Hedge ETF,fund,us,AMEX,
ESLV,Eventide Large Cap Value ETF,fund,us,AMEX,
XLCI,Communication Services Select Sector SPDR Premium Income Fund,fund,us,AMEX,
NVDO,Leverage Shares 2x Capped Accelerated NVDA Monthly ETF,fund,us,CBOE,
XLRI,Real Estate Select Sector SPDR Premium Income Fund,fund,us,AMEX,
LLII,REX LLY Growth & Income ETF 3Shs,fund,us,CBOE,
GSX,Tradr 2X Long GS Daily ETF,fund,us,CBOE,
SAWS,AAM Sawgrass US Small Cap Quality Growth ETF,fund,us,AMEX,
SIJ,ProShares UltraShort Industrials,fund,us,AMEX,
ASMH,ASML Holding NV ADRhedged,fund,us,AMEX,
QMID,WisdomTree U.S. MidCap Quality Growth Fund,fund,us,NASDAQ,
BCKT,LifeX 2030 Income Bucket ETF,fund,us,CBOE,
WMTI,REX WMT Growth & Income ETF,fund,us,CBOE,
PLTI,REX PLTR Growth & Income ETF,fund,us,CBOE,
FCFY,First Trust S&P 500 Diversified Free Cash Flow ETF,fund,us,AMEX,
CLOD,Themes Cloud Computing ETF,fund,us,NASDAQ,
QB,ProShares Nasdaq-100 Dynamic Buffer ETF,fund,us,NASDAQ,
HYKE,Vest 2 Year Interest Rate Hedge ETF,fund,us,CBOE,
BULU,T-REX 2X Long BULL Daily Target ETF,fund,us,CBOE,
EFU,ProShares UltraShort MSCI EAFE,fund,us,AMEX,
NVIT,YieldMax NVDA Performance & Distribution Target 25 ETF,fund,us,CBOE,
BKNU,T-REX 2X Long BKNG Daily Target ETF,fund,us,CBOE,
DZZ,Deutsche Bank Ag London Gold Double Short Exchange Traded (Nts),fund,us,AMEX,
TSLO,Leverage Shares 2x Capped Accelerated TSLA Monthly ETF,fund,us,CBOE,
FMTL,First Trust Indxx Critical Metals ETF,fund,us,AMEX,
DDXX,Defined Duration 20 ETF,fund,us,CBOE,
MPG,Leverage Shares 2X Long MP Daily ETF,fund,us,NASDAQ,
SMAP,Amplify Small-Mid Cap Equity ETF,fund,us,AMEX,
XLYI,Consumer Discretionary Select Sector SPDR Premium Income Fund,fund,us,AMEX,
XLSI,Consumer Staples Select Sector SPDR Premium Income Fund,fund,us,AMEX,
MAKX,ProShares S&P Kensho Smart Factories ETF,fund,us,AMEX,
RKLZ,Defiance Daily Target 2x Short RKLB ETF,fund,us,NASDAQ,
MSST,YieldMax MSTR Performance & Distribution Target 25 ETF,fund,us,CBOE,
BPH,BP p.l.c. ADRhedged,fund,us,AMEX,
MAAY,GraniteShares YieldBOOST MARA ETF,fund,us,NASDAQ,
OOQB,One One Nasdaq-100 and Bitcoin ETF 1Shs,fund,us,NASDAQ,
ABLS,Abacus FCF Small Cap Leaders ETF,fund,us,CBOE,
LULG,Leverage Shares 2X Long LULU Daily ETF,fund,us,NASDAQ,
FTIF,First Trust Bloomberg Inflation Sensitive Equity ETF,fund,us,AMEX,
DKUP,T-REX 2X Long DKNG Daily Target ETF,fund,us,CBOE,
BBYY,GraniteShares YieldBOOST BABA ETF,fund,us,NASDAQ,
RXD,ProShares UltraShort Health Care,fund,us,AMEX,
CORX,2x Corn ETF,fund,us,CBOE,
CBTL,Calamos Laddered Bitcoin 80 Series Structured Alt Protection ETF,fund,us,CBOE,
RB,ProShares Russell 2000 Dynamic Buffer ETF,fund,us,CBOE,
MZZ,ProShares UltraShort MidCap400,fund,us,AMEX,
STSM,Defiance Daily Target 2X Short TSM ETF,fund,us,AMEX,
SOLC,Canary Marinade Solana ETF,fund,us,NASDAQ,
HBTC,Fortuna Hedged Bitcoin Fund,fund,us,CBOE,
CMBO,Wayfinder Dynamic U.S. Interest Rate ETF,fund,us,NASDAQ,
ESBG,"First Trust Enhanced Stocks, Bonds & Gold ETF",fund,us,AMEX,
TXXD,21Shares 2x Long Dogecoin ETF,fund,us,NASDAQ,
DASX,Tradr 2X Long DASH Daily ETF,fund,us,CBOE,
TRIL,Defiance Trillion Dollar Club Index ETF,fund,us,NASDAQ,
GLBL,Pacer MSCI World Industry Advantage ETF,fund,us,CBOE,
XLII,Industrial Select Sector SPDR Premium Income Fund,fund,us,AMEX,
USRD,Themes US R&D Champions ETF,fund,us,NASDAQ,
MCOW,Pacer S&P MidCap 400 Quality FCF Aristocrats ETF,fund,us,CBOE,
SPCY,STKd 150% SMCI & 150% NVDA ETF,fund,us,NASDAQ,
APED,STKd 150% MSTR & 150% COIN ETF,fund,us,NASDAQ,
SCOW,Pacer S&P SmallCap 600 Quality FCF Aristocrats ETF,fund,us,CBOE,
SUPL,ProShares Supply Chain Logistics ETF,fund,us,AMEX,
FTKI,First Trust Small Cap BuyWrite Income ETF,fund,us,AMEX,
BU,Defiance Daily Target 2X Long BU ETF,fund,us,NASDAQ,
DVXV,WEBs Health Care XLV Defined Volatility ETF,fund,us,NASDAQ,
GDFN,Tema International Defense Innovation ETF,fund,us,NASDAQ,
LFDR,LifeX Durable Income ETF,fund,us,CBOE,
HOII,REX HOOD Growth & Income ETF,fund,us,CBOE,
LIMI,Themes Lithium & Battery Metal Miners ETF,fund,us,CBOE,
TXBC,21Shares FTSE Crypto 10 ex-BTC Index ETF,fund,us,AMEX,
TTOP,21Shares FTSE Crypto 10 Index ETF,fund,us,AMEX,
PLOO,Leverage Shares 2x Capped Accelerated PLTR Monthly ETF,fund,us,CBOE,
SMN,ProShares UltraShort Materials,fund,us,AMEX,
HFSP,TradersAI Large Cap Equity & Cash ETF,fund,us,NASDAQ,
SZK,ProShares UltraShort Consumer Staples,fund,us,AMEX,
BLSG,Leverage Shares 2X Long BLSH Daily ETF,fund,us,NASDAQ,
GEOA,WisdomTree GeoAlpha Opportunities Fund,fund,us,AMEX,
COIO,Leverage Shares 2x Capped Accelerated COIN Monthly ETF,fund,us,CBOE,
AVXX,Defiance Daily Target 2x Long AVAV ETF,fund,us,NASDAQ,
AALG,Leverage Shares 2X Long AAL Daily ETF,fund,us,NASDAQ,
CXRN,Teucrium 2x Daily Corn ETF,fund,us,AMEX,
BOBP,CORE16 Best of Breed Premier Index ETF,fund,us,AMEX,
GLCR,GlacierShares Nasdaq Iceland ETF,fund,us,NASDAQ,
NUGY,GraniteShares YieldBOOST Gold Miners ETF,fund,us,NASDAQ,
FLYT,Tradr 2X Long FLY Daily ETF,fund,us,CBOE,
WXET,Teucrium 2x Daily Wheat ETF,fund,us,AMEX,
GSKH,GSK plc ADRhedged,fund,us,AMEX,
AURU,Tradr 2X Long AUR Daily ETF,fund,us,CBOE,
CWII,REX CRWV Growth & Income ETF,fund,us,CBOE,
ZIPP,STKd 150% UBER & 150% TSLA ETF,fund,us,NASDAQ,
SOLM,Amplify Solana 3% Monthly Option Income ETF,fund,us,CBOE,
ARMH,Arm Holdings PLC ADRhedged,fund,us,AMEX,
QSX,Tradr 2X Long QS Daily ETF,fund,us,CBOE,
XPM,Defiance Daily Target 2x Long PM ETF,fund,us,NASDAQ,
VOYX,Tradr 2X Long VOYG Daily ETF,fund,us,CBOE,
GXPE,Global X PureCap MSCI Energy ETF,fund,us,AMEX,
OOSB,One One S&P 500 and Bitcoin ETF,fund,us,NASDAQ,
WHTX,2X Wheat ETF,fund,us,CBOE,
MNZL,Manzil Russell Halal USA Broad Market ETF,fund,us,NASDAQ,
SNPX,Tradr 2X Long SNPS Daily ETF,fund,us,CBOE,
MSTK,Tuttle Capital MSTR 0DTE Covered Call ETF,fund,us,CBOE,
SAPH,SAP SE ADRhedged,fund,us,AMEX,
STHH,STMicroelectronics NV ADRhedged,fund,us,AMEX,
NWMX,Tradr 2X Long NEM Daily ETF,fund,us,CBOE,
FBYY,GraniteShares YieldBOOST META ETF,fund,us,NASDAQ,
NNEX,Tradr 2X Long NNE Daily ETF,fund,us,CBOE,
MSOO,Leverage Shares 2x Capped Accelerated MSTR Monthly ETF,fund,us,CBOE,
OSCG,Leverage Shares 2X Long OSCR Daily ETF,fund,us,NASDAQ,
QUP,DailyDelta Q100 Upside Option Strategy ETF,fund,us,AMEX,
SBU,Leverage Shares 2X Long SBUX Daily ETF,fund,us,NASDAQ,
NUG,Leverage Shares 2X Long NU Daily ETF,fund,us,NASDAQ,
IETH,Bitwise Ethereum Option Income Strategy ETF,fund,us,AMEX,
CMGG,Leverage Shares 2X Long CMG Daily ETF,fund,us,NASDAQ,
OKTG,Leverage Shares 2X Long OKTA Daily ETF,fund,us,NASDAQ,
NEMG,Leverage Shares 2x Long NEM Daily ETF,fund,us,NASDAQ,
SPOG,Leverage Shares 2X Long SPOT Daily ETF,fund,us,NASDAQ,
TERG,Leverage Shares 2X Long TER Daily ETF,fund,us,NASDAQ,
ABNG,Leverage Shares 2x Long ABNB Daily ETF,fund,us,NASDAQ,
NETG,Leverage Shares 2X Long NET Daily ETF,fund,us,NASDAQ,
ICRC,Bitwise CRCL Option Income Strategy ETF,fund,us,AMEX,
DVXK,WEBs Technology XLK Defined Volatility ETF,fund,us,NASDAQ,
DVUT,WEBs Utilities XLU Defined Volatility ETF,fund,us,NASDAQ,
DVXE,WEBs Energy XLE Defined Volatility ETF,fund,us,NASDAQ,
GEMG,Leverage Shares 2X Long GEMI Daily ETF,fund,us,NASDAQ,
DVXC,WEBs Communication Services XLC Defined Volatility ETF,fund,us,NASDAQ,
CIFU,T-REX 2X Long CIFR Daily Target ETF,fund,us,CBOE,
HEFT,Hedgeye Fourth Turning ETF,fund,us,AMEX,
DVXY,WEBs Consumer Discretionary XLY Defined Volatility ETF,fund,us,NASDAQ,
DVIN,WEBs Industrials XLI Defined Volatility ETF,fund,us,NASDAQ,
DVXF,WEBs Financial XLF Defined Volatility ETF,fund,us,NASDAQ,
DVRE,WEBs Real Estate XLRE Defined Volatility ETF,fund,us,NASDAQ,
DVXP,WEBs Consumer Staples XLP Defined Volatility ETF,fund,us,NASDAQ,
DVXB,WEBs Materials XLB Defined Volatility ETF,fund,us,NASDAQ,
OKTX,Tradr 2X Long OKTA Daily ETF,fund,us,CBOE,
QDWN,DailyDelta Q100 Downside Option Strategy ETF,fund,us,AMEX,
CRCA,ProShares Ultra CRCL,fund,us,AMEX,
TSLI,ProShares Ultra TSLA ETF,fund,us,AMEX,
NVDB,ProShares Ultra NVDA,fund,us,AMEX,
PLTA,ProShares Ultra PLTR,fund,us,AMEX,
COIA,ProShares Ultra COIN,fund,us,AMEX,
CAIQ,Calamos Nasdaq Autocallable Income ETF,fund,us,NASDAQ,
FSOL,Fidelity Solana Fund,fund,us,AMEX,
SPCZ,RiverNorth Enhanced Pre-Merger SPAC ETF,fund,us,CBOE,
DEFG,Grayscale Decentralized Finance DeFi Fund LLC,fund,us,OTC,
OBNB,Osprey BNB Chain Trust,fund,us,OTC,
STCK,Grayscale Stacks Trust,fund,us,OTC,
ICPI,iShares 0-1 Year TIPS Bond ETF,fund,us,AMEX,
GSNR,Grayscale NEAR Trust,fund,us,OTC,
TRLC,"TriLinc Global Impact Fund, LLC Class A",fund,us,OTC,
PCS,PGIM Corporate Bond 0-5 Year ETF,fund,us,CBOE,
OSOL,Osprey Solana Trust,fund,us,OTC,
WISD,Wisdom Short Duration Income ETF,fund,us,AMEX,
SYZ,Lazard US Systematic Small Cap Equity ETF,fund,us,NASDAQ,
CFND,"C1 Fund, Inc.",fund,us,NYSE,
FWACU,Futurewave Acquisition Corp. Units Cons of 1 Sh + 1 Wt + 1 Rt ,fund,us,NASDAQ,